N°;Désignation;Code Barre;Référence;Unité;Prix de Vente;Niveau d'Alerte;Stock Boutique;Stock Atelier;Stock Magasin1;Stock Magasin2;Stock Magasin3;Qté par Carton;Prix Achat Carton;Prix Achat Unitaire
1;HUILE AYA VEGETALE 90CL;6186000195053;;BIDON;1 500,00;5;13,00;0,00;0,00;0,00;0,00;0;0;1334
2;HUILE AYA VEGETALE 45CL;6186000195008;;BIDON;750,00;5;13,00;0,00;0,00;0,00;0,00;0;0;667
3;HUILE AYA VEGETALE 5L;6186000195251;;BIDON;7 200,00;2;7,00;0,00;4,00;0,00;0,00;0;0;6625
4;SIROP MENTHE 100CL;3014400003032;;BOUTEILLE;2 300,00;2;6,00;0,00;0,00;0,00;0,00;0;0;2084
5;VEGA MOUTARDE DE 370G;8886409508376;;BOITE;1 000,00;4;0,00;0,00;0,00;0,00;0,00;0;0;834
6;DAFANI MANGUE 0.5L;9504000004002;;UNITE;750,00;10;1,00;0,00;0,00;0,00;0,00;0;0;584
7;DAFANI COCKTAIL DE 1L;9504000004149;;BIDON;1 500,00;5;12,00;0,00;0,00;0,00;0,00;0;0;1000
8;VEGA POIS DE 800G;8886409518504;;BOITE;1 100,00;2;1,00;0,00;0,00;0,00;0,00;0;0;875
9;NURSIE N°3 DE 400G;10487533;;BOITE;3 500,00;2;5,00;0,00;0,00;0,00;0,00;0;0;3167
10;NESCAFE CLASSIC DE 50G;6181002001920;;BOITE;1 400,00;5;27,00;0,00;0,00;0,00;0,00;0;0;1250
11;NURSIE N°1 DE 400G;10455539;;BOITE;3 500,00;2;6,00;0,00;0,00;0,00;0,00;0;0;3042
12;France LAIT N°2 400G;3043931261116;;BOITE;3 950,00;2;4,00;0,00;0,00;0,00;0,00;0;0;3750
13;MAYONNAISE BAMA DE 226ML;8410300572053;;BOUTEILLE;850,00;5;12,00;0,00;0,00;0,00;0,00;0;0;771
14;MAYONNAISE BAMA DE 385ML;8410300367680;;BOUTEILLE;1 350,00;5;13,00;0,00;0,00;0,00;0,00;0;0;1188
15;VINAIGRE REGAL ROUGE DE 1L;6186000118014;;BIDON;850,00;5;9,00;0,00;0,00;0,00;0,00;0;0;500
16;HUILE DINOR DE 90CL;6181100220063;;BIDON;1 625,00;5;15,00;0,00;0,00;0,00;0,00;0;0;1467
17;BLEDILAIT CROISSANCE DE 900G;5900852066184;;BOITE;7 250,00;1;3,00;0,00;0,00;0,00;0,00;0;0;6167
18;FRANCE LAIT N°1 DE 900G;3043931162116;;BOITE;8 500,00;1;2,00;0,00;0,00;0,00;0,00;0;0;7917
19;NESTLE NIDO DE 800G;8445290343956;;BOITE;6 750,00;2;5,00;0,00;0,00;0,00;0,00;0;0;6067
20;NESTLE NIDO DE 2500G;8717896009315;;BOITE;17 500,00;1;0,00;0,00;0,00;0,00;0,00;0;0;17167
21;VINAIGRE REGAL BLANC DE 500ML;6186000118052;;BIDON;600,00;5;1,00;0,00;0,00;0,00;0,00;0;0;417
22;NESCAFE CLASSIC DE 25G;6181002002279;;STICK;575,00;12;40,00;0,00;0,00;0,00;0,00;0;0;375
23;THE VICTORIA MENTHE;8901035053783;;PAQUET;500,00;5;7,00;0,00;0,00;0,00;0,00;0;0;396
24;THE VICTORIA GINGINBRE;8901035054087;;PAQUET;500,00;5;10,00;0,00;0,00;0,00;0,00;0;0;397
25;THE VICTORIA FRAISE;8901035053752;;PAQUET;500,00;5;22,00;0,00;0,00;0,00;0,00;0;0;397
26;BRIDEL LAIT DE 1L;3428200320501;;BIDON;1 700,00;5;3,00;0,00;0,00;0,00;0,00;0;0;771
27;BRIDEL LAIT DE 0.5L;3155250003312;;BIDON;900,00;5;0,00;0,00;0,00;0,00;0,00;0;0;385
28;MAYONNAISE BAMA DE 840ML;8410300363439;;BOUTEILLE;2 450,00;5;10,00;0,00;24,00;0,00;0,00;0;0;2167
29;NESTLE NIDO N°1 DE 400G;6009188007829;;BOITE;3 375,00;5;2,00;0,00;0,00;0,00;0,00;0;0;3167
30;HUILE DINOR DE 5L;6181100220094;;BIDON;7 200,00;2;3,00;0,00;0,00;0,00;0,00;0;0;6500
31;BLEDINE LACTEE CROISSANCE DE 250G;3041091606266;;PAQUET;1 750,00;5;0,00;0,00;0,00;0,00;0,00;0;0;1500
32;BLEDINE BANANE &LAIT DE 250G;3041091606235;;UNITE;1 750,00;5;2,00;0,00;0,00;0,00;0,00;0;0;1500
33;BLEDINE FRUITS&LAIT DE 250G;3041091606273;;PAQUET;1 750,00;5;1,00;0,00;0,00;0,00;0,00;0;0;1500
34;BISTELLA 3 PIECES;8690705162343;;PAQUET;6 100,00;1;3,00;0,00;0,00;0,00;0,00;0;0;5334
35;BISTELLA 6 PIECES;8690705172342;;PAQUET;2 500,00;1;1,00;0,00;0,00;0,00;0,00;0;0;2042
36;MILO 400G;6033000089199;;BOITE;2 500,00;2;2,00;0,00;0,00;0,00;0,00;0;0;1209
37;THE VICTORIA DE 100 SACHETS;8901035049267;;PAQUET;2 600,00;4;22,00;0,00;0,00;0,00;0,00;0;0;1292
38;RIZ BRISURE CINDY DE 50KG;;;KG;33 000,00;1;2,00;0,00;3,00;0,00;0,00;0;0;32000
39;RIZ CAPITAIN DE 25G;;;KG;15 000,00;1;2,00;0,00;0,00;0,00;0,00;0;0;12500
40;RIZ CINDY VERT DE 50KG;;;KG;38 000,00;1;1,00;0,00;2,00;0,00;0,00;0;0;37000
41;RIZ DOUBLE STAR DE 5KG;;;KG;5 000,00;2;7,00;0,00;0,00;0,00;0,00;0;0;4200
42;RIZ DOUBLE STAR PARABOL 50KG;;;KG;23 500,00;1;1,00;0,00;3,00;0,00;0,00;0;0;22000
43;RIZ UNCLE SAM DE 5KG;;;KG;5 500,00;5;5,00;0,00;0,00;0,00;0,00;0;0;4700
44;BONNET ROUGE DE 170G;8716200681018;;BOITE;500,00;10;23,00;0,00;0,00;0,00;0,00;0;0;443
45;QUAKER;6290400030095;;BOITE;1 425,00;5;0,00;0,00;0,00;0,00;0,00;0;0;1270
46;LIPTON YELLOW 25×24P;8720608603534;;PAQUET;550,00;5;25,00;0,00;0,00;0,00;0,00;0;0;511
47;MAQUEREAU SAUCE TOMATE 425G;6921224454094;;BOITE;750,00;5;8,00;0,00;0,00;0,00;0,00;0;0;709
48;MAQUEREAU SAUCE NOOMA DE 155G;6921224454100;;BOITE;600,00;5;23,00;0,00;0,00;0,00;0,00;0;0;320
49;SEL DE MER DE 750G;8428818241163;;BOITE;1 150,00;5;5,00;0,00;0,00;0,00;0,00;0;0;980
50;ORO DE 300ML;8410498000451;;UNITE;1 250,00;5;29,00;0,00;0,00;0,00;0,00;0;0;875
51;ORO DE 750ML;8410498010689;;LITRE;2 250,00;5;5,00;0,00;0,00;0,00;0,00;0;0;1960
52;KALTOX PAALGA DE 300ML;;;LITRE;1 700,00;5;12,00;0,00;0,00;0,00;0,00;0;0;1459
53;PRAN HUILE OLIVE DE 250ML;840205733293;;BOUTEILLE;1 850,00;5;4,00;0,00;0,00;0,00;0,00;0;0;1709
54;PRAN HUILE OLIVE DE 500ML;6702215506554;;BOUTEILLE;2 775,00;2;5,00;0,00;0,00;0,00;0,00;0;0;2667
55;EAU DE JAVEL LA CROIX 1.5L;8718951636859;;BIDON;1 850,00;2;4,00;0,00;0,00;0,00;0,00;0;0;1625
56;EAU DE JAVEL LA CROIX DE 5L;8718951638044;;BIDON;5 175,00;1;2,00;0,00;0,00;0,00;0,00;0;0;4334
57;JADIDA DE 500G;6046000002907;;BOITE;1 250,00;5;9,00;0,00;0,00;0,00;0,00;0;0;1063
62;NIVEA LAIT DE 400ML;4005900378170;;BIDON;2 500,00;2;2,00;0,00;0,00;0,00;0,00;0;0;2084
63;NIVEA LAIT MAXIMUM DE 400ML;4005900098405;;BIDON;2 700,00;2;5,00;0,00;0,00;0,00;0,00;0;0;2292
64;SUCRE DIABETUQUE SUSSLI 72G;4061458011440;;UNITE;1 500,00;5;11,00;0,00;0,00;0,00;0,00;0;0;1292
65;PATTE DE TOMATE SALSA SE 400G;8010966215174;;BOITE;800,00;5;39,00;0,00;0,00;0,00;0,00;0;0;709
66;PATTE DE TOMATE SALSA DE 800G;8010966215181;;BOITE;1 600,00;5;1,00;0,00;0,00;0,00;0,00;0;0;1417
67;PATTE DE TOMATE SALSA DE 2200G;8010966215198;;BOITE;3 650,00;2;2,00;0,00;0,00;0,00;0,00;0;0;3417
68;PATTE DE TOMATE GILDA DE 800G;8008414000106;;BOITE;1 500,00;5;21,00;0,00;12,00;0,00;0,00;0;0;1375
69;PATTE DE TOMATE GILDA DE 2200G;8008414000083;;BOITE;3 750,00;2;6,00;0,00;0,00;0,00;0,00;0;0;3334
70;RAMBO 1ER DE 300ML;5060148950099;;UNITE;1 200,00;5;16,00;0,00;0,00;0,00;0,00;0;0;625
71;VASELINE PETROLEUM DE 250ML;6001087005661;;BOITE;1 500,00;2;0,00;0,00;0,00;0,00;0,00;0;0;1292
72;LANGUES DE CHAT DE 200G;3258561020372;;PAQUET;1 500,00;5;0,00;0,00;0,00;0,00;0,00;0;0;1417
73;MAGGI POULET;6181002021232;;PAQUET;1 700,00;5;8,00;0,00;0,00;0,00;0,00;0;0;1584
74;MAGGI JUMBO SIMPLE;8410300342465;;PAQUET;1 250,00;5;8,00;0,00;0,00;0,00;0,00;0;0;1084
75;VEGA CHAMPION 400G;8886409517507;;BOITE;950,00;5;12,00;0,00;0,00;0,00;0,00;0;0;813
76;SAVON LE CHAT DE 125G;3178041358804;;PAQUET;2 600,00;2;6,00;0,00;0,00;0,00;0,00;0;0;2438
77;YAOURT HOLLANDIA DE 1L;6151100052186;;UNITE;1 300,00;5;0,00;0,00;0,00;0,00;0,00;0;0;917
78;PRAN PINEAPPLE DE 1L;831730000264;;UNITE;1 300,00;4;0,00;0,00;0,00;0,00;0,00;0;0;1084
79;LAIT CONCENTRE OKI DE 1KG;8888168011746;;BOITE;1 200,00;5;18,00;0,00;0,00;0,00;0,00;0;0;1105
80;DEODORANT AXE 1ER;6001087379267;;UNITE;1 500,00;5;8,00;0,00;0,00;0,00;0,00;0;0;1167
81;BISCUITS BIFA 2000;8690562002189;;UNITE;1 250,00;5;9,00;0,00;0,00;0,00;0,00;0;0;1167
82;FARINE DE BLE DOUCINE DE 500G;6188000003307;;SACHET;500,00;5;8,00;0,00;0,00;0,00;0,00;0;0;417
83;MAY0NNAISE JADIDA DE 5L;6046000002976;;BOITE;8 675,00;2;1,00;0,00;0,00;0,00;0,00;0;0;7875
84;BISCUITS FOURÉS AU CHOCOLAT;6194002510064;;UNITE;500,00;5;22,00;0,00;0,00;0,00;0,00;0;0;450
85;COLGATE MAX FRESH ROUGE;8718951579262;;UNITE;750,00;5;12,00;0,00;0,00;0,00;0,00;0;0;709
86;COLGATE MAX FRESH BLEU;8718951291010;;UNITE;750,00;5;0,00;0,00;0,00;0,00;0,00;0;0;709
87;COLGATE MAX FRESH VERT;8718951288881;;UNITE;750,00;5;7,00;0,00;0,00;0,00;0,00;0;0;709
88;COLGATE POUR ENFANT;6920354812866;;UNITE;500,00;5;12,00;0,00;0,00;0,00;0,00;0;0;447
89;COLGATE DE 100G;9556031159480;;UNITE;500,00;5;6,00;0,00;0,00;0,00;0,00;0;0;584
90;PRAN MANGO DE 1L;831730000295;;UNITE;1 300,00;5;2,00;0,00;0,00;0,00;0,00;0;0;1084
91;SENSODYNE COMPLET DE 75ML;5054563100108;;UNITE;1 850,00;5;12,00;0,00;0,00;0,00;0,00;0;0;1750
92;SENSODYNE AU FRAICHEUR INTENSE DE 75ML;5054563110893;;UNITE;1 800,00;5;7,00;0,00;0,00;0,00;0,00;0;0;1834
93;SAVON SPRING DE 300G;6181100536591;;UNITE;500,00;5;15,00;0,00;0,00;0,00;0,00;0;0;384
94;MON SAVON AU LAIT DE 200G;3181730201398;;UNITE;1 250,00;5;0,00;0,00;0,00;0,00;0,00;0;0;1105
95;CYCLONE DE 35CL;9780201379761;;BIDON;700,00;5;21,00;0,00;0,00;0,00;0,00;0;0;480
96;COLGATE AU CHARBON DE 120G;8718951350885;;UNITE;1 200,00;5;12,00;0,00;0,00;0,00;0,00;0;0;584
97;COLGATE AU TRIPLE ACTION 100ML;6920354812521;;UNITE;750,00;5;8,00;0,00;0,00;0,00;0,00;0;0;542
98;COLGATE MAXIMUM DE 140G;8850006324424;;UNITE;750,00;5;5,00;0,00;0,00;0,00;0,00;0;0;709
101;BROLI  POULET DE 190G;8718182021912;;BOITE;750,00;5;0,00;0,00;0,00;0,00;0,00;0;0;521
102;CAPPUCCINO TORA BIKA 20X25G;8996001414019;;PAQUET;2 500,00;5;5,00;0,00;0,00;0,00;0,00;12;0;1917
103;BELLE France-NECTAR MULTIFRUITS DE 1L;3258561300399;;UNITE;1 700,00;5;-4,00;0,00;0,00;0,00;0,00;0;0;1100
105;SODA CRACKER DE 100G;6926768537005;;UNITE;500,00;10;28,00;0,00;0,00;0,00;0,00;0;0;417
106;SODA CRACKER DE 230G;6943826709266;;UNITE;1 000,00;10;25,00;0,00;0,00;0,00;0,00;0;0;730
107;MALIA GOYAVE DE 1L;6186000504275;;UNITE;1 100,00;5;-1,00;0,00;0,00;0,00;0,00;0;0;917
108;COLGATE HERBAL DE 125ML;7891024133774;;UNITE;900,00;5;23,00;0,00;0,00;0,00;0,00;0;0;750
109;GEL-HYDRO ALCOOLIQUE 475ML;;;BIDON;1 600,00;5;10,00;0,00;0,00;0,00;0,00;0;0;1542
110;HUILE BONITA DE 1L;8697999062939;;BIDON;2 000,00;5;9,00;0,00;0,00;0,00;0,00;0;0;1917
111;BONBON ZOODO;2362644252923;;PAQUET;800,00;5;14,00;0,00;0,00;0,00;0,00;0;0;750
112;CHEWING-GUM ETALON;7423442529466;;PAQUET;800,00;5;18,00;0,00;0,00;0,00;0,00;0;0;750
113;DIAMON AU RAISIN BLANC DE 750ML;8436015885837;;BOUTEILLE;2 500,00;5;5,00;0,00;0,00;0,00;0,00;0;0;1542
114;DIAMON AU RAISIN ROUGE DE 750ML;8436015885844;;BOUTEILLE;2 500,00;5;6,00;0,00;0,00;0,00;0,00;0;0;1542
115;CLOSE-UP VERT 140G;8934839126261;;UNITE;800,00;5;20,00;0,00;0,00;0,00;0,00;0;0;667
116;FRUTELLI ANANAS & COCO DE 1L;6253500771480;;UNITE;1 100,00;5;-1,00;0,00;0,00;0,00;0,00;0;0;1000
117;FRUTELLI MANGUE DE 1L;6253500771442;;UNITE;1 100,00;5;0,00;0,00;0,00;0,00;0,00;0;0;1000
118;FRUTELLI TROPICAL DE 1L;6253500771602;;UNITE;1 100,00;5;1,00;0,00;0,00;0,00;0,00;0;0;1000
119;CIRAGE NEUTRE KIWI DE 50CL;6001298959951;;BOITE;750,00;5;12,00;0,00;0,00;0,00;0,00;0;0;542
120;CIRAGE NOIRE KIWI DE 50CL;6001298959999;;BOITE;750,00;5;12,00;0,00;0,00;0,00;0,00;0;0;542
121;LINGETTE SOFTCARE;6033000410498;;PAQUET;1 000,00;5;8,00;0,00;0,00;0,00;0,00;0;0;750
122;POTATA JAUNE;840205706587;;PAQUET;2 500,00;2;5,00;0,00;0,00;0,00;0,00;0;0;1950
123;POTATA ROUGE;840205706594;;PAQUET;2 500,00;2;5,00;0,00;0,00;0,00;0,00;0;0;2050
124;HUB ANANAS BOUTEILLE DE 250ML;6224003064669;;BOUTEILLE;600,00;5;4,00;0,00;0,00;0,00;0,00;0;0;417
125;HUB ANANAS DE 1L;6224003064683;;BOUTEILLE;2 000,00;5;0,00;0,00;0,00;0,00;0,00;0;0;1667
126;HUB GOYAVE DE 1L;6224009091447;;UNITE;1 100,00;5;16,00;0,00;0,00;0,00;0,00;0;0;834
127;HUB POMME DE 1L;6224009091485;;UNITE;1 100,00;5;0,00;0,00;0,00;0,00;0,00;0;0;834
128;BRAVO MELON DE 1L;9008700124478;;LITRE;1 750,00;5;13,00;0,00;12,00;0,00;0,00;0;0;1542
129;OLIVE CRESPO  DENO DE 333G;3076820005188;;BOITE;1 500,00;5;0,00;0,00;0,00;0,00;0,00;0;0;1334
130;OLIVE CRESPO ENTIERE DE 200G;3076820005164;;BOUTEILLE;1 400,00;5;24,00;0,00;24,00;0,00;0,00;0;0;1167
131;MALIA COCKTAIL DE 0,5 L;6186000504213;;UNITE;750,00;5;10,00;0,00;0,00;0,00;0,00;0;0;542
132;SARDINE DELMONACO DE 125G;;;BOITE;375,00;5;36,00;0,00;0,00;0,00;0,00;0;0;320
133;VEGA SARDINE VEGETALE DE 125 G;8886409508901;;BOITE;350,00;5;0,00;0,00;0,00;0,00;0,00;0;0;330
134;BISCUIT COOKIE CHOCOLAT;8901972061155;;PAQUET;1 000,00;5;24,00;0,00;0,00;0,00;0,00;0;0;730
135;SEL DE MER IODE DE 500G;8428818000630;;BOITE;900,00;5;3,00;0,00;0,00;0,00;0,00;0;0;730
136;HUILE AYA VEGETALE DE 3L;6186000195206;;BIDON;4 850,00;5;9,00;0,00;6,00;0,00;0,00;0;0;4334
137;PATTE DENTIFRICE ABAAN;6941352001298;;UNITE;750,00;5;2,00;0,00;0,00;0,00;0,00;0;0;542
138;ALOE VERA TRIPLE ACTION;6941352000628;;UNITE;500,00;5;1,00;0,00;0,00;0,00;0,00;0;0;434
139;PATTE DENTIFRICE SIGNALE DE 140G;8934839125424;;;800,00;5;4,00;0,00;0,00;0,00;0,00;0;0;667
140;BLUE BAND DE 450G;6034000482492;;BOITE;1 200,00;5;5,00;0,00;0,00;0,00;0,00;0;0;1042
141;BLUE BAND DE 900G;6034000482096;;BOITE;2 000,00;2;6,00;0,00;0,00;0,00;0,00;0;0;2167
142;EVERYDAY CREME A RECURER DE 750ML;5400141731187;;BOITE;1 500,00;5;10,00;0,00;0,00;0,00;0,00;0;0;1134
143;FATALA 300ML;6970439911007;;UNITE;1 000,00;5;29,00;0,00;0,00;0,00;0,00;0;0;875
144;FATALA 400ML;6970439911014;;UNITE;1 475,00;5;1,00;0,00;0,00;0,00;0,00;0;0;1334
145;HUB GOYAVE BOUTEILLE DE 1L;6224009091287;;BOUTEILLE;2 000,00;5;5,00;0,00;0,00;0,00;0,00;0;0;1667
146;HUB MANGE BOUTEILLE DE 1L;6224009091270;;BOUTEILLE;2 000,00;2;0,00;0,00;0,00;0,00;0,00;0;0;1667
147;FATALA 750ML;6970439911076;;UNITE;2 500,00;5;8,00;0,00;12,00;0,00;0,00;0;0;1917
148;LIQUIDE DETERGENTE MADAR DE 400ML;6210290115955;;BOITE;650,00;5;4,00;0,00;0,00;0,00;0,00;0;0;520
149;LIQUIDE DETERGENTE MADAR DE 750ML;6210290115764;;BIDON;950,00;5;2,00;0,00;0,00;0,00;0,00;0;0;834
150;LIQUIDE DETERGENTE MADAR DE 2L;745760151080;;BIDON;2 200,00;5;5,00;0,00;0,00;0,00;0,00;0;0;1917
151;KRACKS TOMATE DE 160G;8887290527026;;BOITE;1 500,00;5;3,00;0,00;0,00;0,00;0,00;0;0;1322
152;KRACKS ORIGINAL DE 160G;8887290521024;;BOITE;1 500,00;5;2,00;0,00;0,00;0,00;0,00;0;0;1332
153;KRACKS PAPRIKA DE 160G;8887290526029;;BOITE;1 500,00;5;10,00;0,00;0,00;0,00;0,00;0;0;1332
154;KRACKS CHEESE DE 160G;8887290524025;;;1 500,00;5;21,00;0,00;0,00;0,00;0,00;0;0;1332
155;KRACKS BARBEQUE DE 160G;8887290523028;;;1 500,00;5;9,00;0,00;0,00;0,00;0,00;0;0;1332
156;VEGA POULET DE 200G;8886409508017;;BOITE;400,00;5;48,00;0,00;0,00;0,00;0,00;0;0;260
157;VEGA POULET DE 200G;8886409518955;;BOITE;650,00;5;12,00;0,00;0,00;0,00;0,00;0;0;521
158;VEGA POULET DE 340G;8886409508017;;BOITE;900,00;5;24,00;0,00;0,00;0,00;0,00;0;0;709
159;VEGA BŒUF DE 200G;8886409519655;;BOITE;700,00;5;15,00;0,00;0,00;0,00;0,00;0;0;521
160;VEGA MOUTARDE DE 1KG;8886409508390;;BOUTEILLE;2 600,00;2;6,00;0,00;0,00;0,00;0,00;0;0;2084
161;MOUTARDE BROLI DE 1KG;8718182021899;;BOITE;2 500,00;2;3,00;0,00;0,00;0,00;0,00;0;0;2167
162;MOUTARDE OLARA DE 850G;3760233510079;;BOUTEILLE;2 250,00;2;1,00;0,00;0,00;0,00;0,00;0;0;1834
163;REDBULL 250ML;9002490100070;;UNITE;800,00;5;32,00;0,00;0,00;0,00;0,00;0;0;688
164;AROME MAGGI LIQUIDE DE 250ML;6181002011646;;BIDON;950,00;5;13,00;0,00;0,00;0,00;0,00;0;0;432
165;SAVON DE MARSEILLE BF DE 260G;6181001995770;;UNITE;450,00;5;30,00;0,00;0,00;0,00;0,00;0;0;375
166;KRACKS CHEESE DE 45G;8887290524018;;BOITE;750,00;5;-3,00;0,00;0,00;0,00;0,00;0;0;625
167;KRACKS TOMATE DE 45G;8887290527019;;BOITE;750,00;5;2,00;0,00;0,00;0,00;0,00;0;0;625
168;KRACKS ONION DE 45G;8887290522014;;BOITE;750,00;5;19,00;0,00;0,00;0,00;0,00;0;0;625
169;DURALEX N°1 DE 28CL;3550190014303;;CARTON;2 250,00;5;0,00;0,00;0,00;0,00;0,00;0;0;1458
170;KRACKS CREME&ONION;8887290522021;;BOITE;1 500,00;5;1,00;0,00;0,00;0,00;0,00;0;0;1322
171;CHICORÉE NATUREL DE 50 STICKS;3067140041710;;STICK;75,00;5;250,00;0,00;0,00;0,00;0,00;0;0;40
172;CHEWING-GUM HOLLYWOOD;6186000166008;;UNITE;100,00;5;69,00;0,00;0,00;0,00;0,00;0;0;80
173;EAU DE JAVEL LA CROIX DE 800ML;8718951096974;;BIDON;1 000,00;5;9,00;0,00;0,00;0,00;0,00;0;0;867
174;CAFE NARDI DE 1KG;6186000179251;;SACHETS;5 250,00;5;5,00;0,00;0,00;0,00;0,00;0;0;4500
175;HUILE OLIVE DE 1L;6702215564806;;BOUTEILLE;4 750,00;5;12,00;0,00;0,00;0,00;0,00;0;0;4584
176;AROME 3 LIONS;6043000023420;;BOITE;400,00;5;24,00;0,00;0,00;0,00;0,00;0;0;267
177;PAPIER FILM 30M×30CM;6975253034307;;UNITE;700,00;5;1,00;0,00;0,00;0,00;0,00;0;0;584
178;ALUMINIUM 20M×300MM;6932189765125;;UNITE;1 000,00;5;1,00;0,00;0,00;0,00;0,00;0;0;750
179;SAVON LUX BLANC DE 175G;6181001997521;;CARTON;650,00;5;19,00;0,00;0,00;0,00;0,00;0;0;542
180;PECTOL FRESH;8411500049437;;PAQUET;100,00;5;190,00;0,00;0,00;0,00;0,00;0;0;87
181;CHARBON CHICHA;6999541206344;;UNITE;250,00;5;1,00;0,00;0,00;0,00;0,00;0;0;200
182;ALUMINUIM DE 50M×300MM;6912345602457;;UNITE;2 100,00;5;7,00;0,00;0,00;0,00;0,00;0;0;1500
183;PASTILLE VALDA;6043000050167;;PAIRE;600,00;5;25,00;0,00;0,00;0,00;0,00;0;0;500
184;BRIQUET DE 100F;;;UNITE;100,00;5;99,00;0,00;0,00;0,00;0,00;0;0;55
185;BRIQUET DE 50F;;;UNITE;50,00;5;72,00;0,00;0,00;0,00;0,00;0;0;45
186;INSECTICIDE SOLDA DE 300ML;6920613710117;;UNITE;750,00;5;-2,00;0,00;0,00;0,00;0,00;0;0;709
187;MOUSTICO FATALA SPIRALE;6970439912004;;PAQUET;500,00;5;62,00;0,00;0,00;0,00;0,00;0;0;309
188;BISCUIT BINTO;6194002510071;;PAQUET;600,00;5;10,00;0,00;0,00;0,00;0,00;0;0;450
189;SOFTCARE A+;6033000410412;;SACHETS;600,00;5;30,00;0,00;0,00;0,00;0,00;0;0;292
190;3X ENERGY DE 500ML;4102610508009;;CANNETTE;750,00;5;19,00;0,00;24,00;0,00;0,00;0;0;625
191;3X ENERGY DE 330ML;2310198130914;;CANNETTE;500,00;5;0,00;0,00;42,00;0,00;0,00;0;0;458
192;MAMAN CHOCO L 6×10PCS;;;UNITE;500,00;5;60,00;0,00;0,00;0,00;0,00;0;0;359
193;MAMAN CHOCO M DE 6×10PCS;;;UNITE;500,00;5;60,00;0,00;0,00;0,00;0,00;0;0;359
194;MAMAN CHOCO XL DE 6×10PCS;;;UNITE;500,00;5;60,00;0,00;0,00;0,00;0,00;0;0;359
195;COTON PERFECT MAXI;6186000456000;;SACHETS;500,00;5;12,00;0,00;0,00;0,00;0,00;0;0;375
196;FANTA CANNETTE 33CL;5449000011527;;UNITE;400,00;5;43,00;0,00;72,00;0,00;0,00;0;0;313
197;IVORIO ANANAS 33CL;5999991071418;;CANNETTE;600,00;5;1,00;0,00;0,00;0,00;0,00;0;0;521
198;IVORIO TAMARIN 33CL;5999991011414;;CANNETTE;600,00;5;1,00;0,00;0,00;0,00;0,00;0;0;521
199;IVORIO MANGUE 33CL;5999991021413;;CANNETTE;600,00;5;1,00;0,00;0,00;0,00;0,00;0;0;521
200;IVORIO COCKTAIL 33CL;5999991061419;;CANNETTE;600,00;5;2,00;0,00;0,00;0,00;0,00;0;0;521
201;BISCUIT EN BATON DE 100G;;;UNITE;300,00;5;48,00;0,00;0,00;0,00;0,00;0;0;240
202;CURE-DENT PLASTIC CARRÉ;8512321824767;;BOITE;500,00;5;6,00;0,00;0,00;0,00;0,00;0;0;271
205;CURE-DENT PLASTIC CŒUR;6974184075014;;BOITE;500,00;5;5,00;0,00;0,00;0,00;0,00;0;0;271
206;CURE-DENT EN BOIS P;6945874789108;;BOITE;100,00;5;45,00;0,00;0,00;0,00;0,00;0;0;67
207;CURE-DENT EN BOIS G;6972766010262;;BOITE;300,00;5;14,00;0,00;0,00;0,00;0,00;0;0;250
208;COTON TIGE ROND;8809058410135;;BOITE;500,00;5;9,00;0,00;0,00;0,00;0,00;0;0;375
209;COTON TIGE COULEUR;6971802098110;;BOITE;450,00;5;6,00;0,00;0,00;0,00;0,00;0;0;334
210;COTON TIGE SACHET;6934675100243;;UNITE;100,00;5;27,00;0,00;0,00;0,00;0,00;0;0;47
211;VIGOR DOCTOR 100G;6920790020122;;UNITE;800,00;5;2,00;0,00;0,00;0,00;0,00;0;0;667
212;VIGOR DOCTOR CHARBON;6920790011281;;UNITE;1 000,00;5;12,00;0,00;0,00;0,00;0,00;0;0;959
213;LA VACHE QUI RIT DE 112G;3073781194197;;BOITE;700,00;5;0,00;0,00;0,00;0,00;0,00;0;0;611
214;CREME VANOISE DE 1KG;6191402902420;;BOITE;2 750,00;2;6,00;0,00;0,00;0,00;0,00;0;0;2500
215;PRAWN CRACKERS BEIGNETS DE CREVETTE DE 180G;6917441608280;;PAQUET;375,00;5;48,00;0,00;0,00;0,00;0,00;0;0;267
216;SANTEX ROUGE G;8998866809849;;UNITE;500,00;5;25,00;0,00;0,00;0,00;0,00;0;0;365
217;SANTEX ROUGE P;8998866809825;;UNITE;300,00;5;139,00;0,00;0,00;0,00;0,00;0;0;188
218;SAVON DE MARSEILLE UNO DE 250G;;;UNITE;225,00;5;56,00;0,00;72,00;0,00;0,00;0;0;174
219;COUSCOUS DARI DE 500G;6111094000259;;SACHETS;700,00;5;10,00;0,00;0,00;0,00;0,00;0;0;625
220;CONFU KING;;;SACHETS;250,00;5;26,00;0,00;0,00;0,00;0,00;0;0;206
221;COUSCOUS SIPA DE 500G;3177960004540;;CARTON;1 100,00;5;13,00;0,00;0,00;0,00;0,00;0;0;925
222;FILET DE BAIN 1500F;;;METRE;1 500,00;5;1,00;0,00;0,00;0,00;0,00;0;0;1250
223;FILET DE BAIN 1250F;;;METRE;1 250,00;5;5,00;0,00;0,00;0,00;0,00;0;0;1000
224;BOUGIE SIMPLE;;;PAQUET;350,00;5;27,00;0,00;0,00;0,00;0,00;0;0;275
225;ROYAL MENTHE;6189110993236;;BOUTEILLE;550,00;5;18,00;0,00;0,00;0,00;0,00;0;0;458
226;SEL LA BALEINE DE 500G;3183280027916;;BOITE;800,00;5;13,00;0,00;0,00;0,00;0,00;0;0;667
227;SERPILLERE;;;UNITE;600,00;5;10,00;0,00;20,00;0,00;0,00;0;0;500
228;CUEILLERE JETABLE;;;PAQUET;500,00;5;50,00;0,00;0,00;0,00;0,00;0;0;375
229;DEODORANT POUR VEHICULE;;;UNITE;400,00;5;3,00;0,00;0,00;0,00;0,00;0;0;334
230;KITS JETABLES 100PCS;;;PAQUET;3 500,00;5;5,00;0,00;0,00;0,00;0,00;0;0;3000
231;LOTUS DE VOITURE;6181003002513;;PAQUET;750,00;5;29,00;0,00;0,00;0,00;0,00;0;0;667
232;CREME VANOISE DE 500G;6191402900549;;BOITE;1 375,00;5;10,00;0,00;12,00;0,00;0,00;0;0;1250
233;EAU DE JAVEL MADAR DE 1L;6210290123769;;BIDON;600,00;5;7,00;0,00;12,00;0,00;0,00;0;0;563
234;MAXWELL HOUSE BLEU;8711000522547;;PAQUET;1 400,00;5;16,00;0,00;0,00;0,00;0,00;0;0;1094
235;CAFE CARTE NOIR;8000070016675;;PAQUET;1 350,00;5;16,00;0,00;0,00;0,00;0,00;0;0;1157
236;MAXWELL BLEU;8711000522547;;PAQUET;2 300,00;5;15,00;0,00;0,00;0,00;0,00;0;0;2188
237;CAFE CARTE NOIR DE 45G;8000070016675;;PAQUET;2 500,00;5;8,00;0,00;0,00;0,00;0,00;0;0;2313
238;MAXWELL JAUNE;8711000522516;;PAQUET;2 300,00;5;11,00;0,00;0,00;0,00;0,00;0;0;2188
239;PILE SONY AAA 2/2;008562000292;;PAIRE;750,00;5;6,00;0,00;0,00;0,00;0,00;0;0;583
240;VERRE JETABLE FINE;6033000161031;;PAQUET;900,00;5;28,00;0,00;0,00;0,00;0,00;0;0;617
241;VERRE JETABLE ROUGE;6033000161062;;PAQUET;2 000,00;5;10,00;0,00;0,00;0,00;0,00;0;0;1800
242;PAGANINI  DE 4,5KG;;;SACHETS;4 000,00;2;3,00;0,00;0,00;0,00;0,00;0;0;3900
243;PATTE DENTIFRICE CHINA 145G;6901177200115;;UNITE;750,00;5;4,00;0,00;0,00;0,00;0,00;0;0;620
244;COUSCOUS BRIO DE 1KG;6111012300287;;SACHETS;1 500,00;5;2,00;0,00;0,00;0,00;0,00;0;0;1375
245;SUCRE CARREAU ST LOUIS;;;PAQUET;1 100,00;5;5,00;0,00;0,00;0,00;0,00;0;0;980
246;BROSSE VIP;6949298873689;;UNITE;100,00;5;23,00;0,00;0,00;0,00;0,00;0;0;75
247;CHEWING-GUM SUPER MINT;6958116500683;;UNITE;50,00;5;281,00;0,00;0,00;0,00;0,00;0;0;47
248;CITEC GROS;;;UNITE;450,00;5;25,00;0,00;0,00;0,00;0,00;0;0;375
249;CITEC N°2;;;UNITE;500,00;5;48,00;0,00;0,00;0,00;0,00;0;0;375
250;CUILLERE JETABLE;6033000160133;;PAQUET;600,00;5;26,00;0,00;0,00;0,00;0,00;0;0;375
251;COUPE ONGLE DORÉ;;;UNITE;500,00;5;6,00;0,00;0,00;0,00;0,00;0;0;416
252;TIGE DE BROCHETTE;;;PAQUET;250,00;5;91,00;0,00;0,00;0,00;0,00;0;0;115
253;BALAIS ORIGINAL 1 ER;;;UNITE;1 500,00;5;1,00;0,00;0,00;0,00;0,00;0;0;1333
254;CHIPS 1ER SACHET;;;SACHET;2 000,00;2;5,00;0,00;0,00;0,00;0,00;0;0;1850
255;ELEGANT MAIN DE 500ML;3571700500826;;BIDON;800,00;5;20,00;0,00;0,00;0,00;0,00;0;0;667
256;RACLETTE NETTOYGE;;;UNITE;1 100,00;5;5,00;0,00;0,00;0,00;0,00;0;0;917
257;TORCHON DOUBLE FACE;;;UNITE;700,00;5;6,00;0,00;0,00;0,00;0,00;0;0;500
258;ELEGANT COTON 75;6920180312011;;SACHET;900,00;5;0,00;0,00;0,00;0,00;0,00;0;0;750
259;CAPPUCCINO GOOD DAY PAQUET DE 30 SACHETS;8991002103771;;PAQUET;4 250,00;2;2,00;0,00;0,00;0,00;0,00;0;0;3667
260;LOTUS JUMBO 12/12;6033000160645;;UNITE;1 400,00;5;7,00;0,00;0,00;0,00;0,00;0;0;1292
261;BISCUITS SPRINTS DE 400G;8710418111213;;PAQUET;1 500,00;5;2,00;0,00;0,00;0,00;0,00;0;0;1275
262;CHOCOLAT ROND;8690562114431;;BOITE;1 000,00;5;11,00;0,00;0,00;0,00;0,00;0;0;750
263;MENTOS P MELANGE;6154000043469;;PAQUET;3 500,00;2;2,00;0,00;0,00;0,00;0,00;0;0;3250
264;POULET BROLI DE 190G;8718182021912;;BOITE;625,00;5;14,00;0,00;0,00;0,00;0,00;0;0;521
265;SAVON BF DE 520G;6181001995756;;UNITE;800,00;5;14,00;0,00;0,00;0,00;0,00;0;0;708
266;COLGATE HERBAL DE 140G;6920354817823;;UNITE;750,00;5;12,00;0,00;0,00;0,00;0,00;0;0;625
267;BROSSE COLGATE;6001067007289;;UNITE;300,00;5;31,00;0,00;0,00;0,00;0,00;0;0;258
268;BROSSE COLGATE NOIR;8718951412057;;UNITE;500,00;5;2,00;0,00;0,00;0,00;0,00;0;0;375
269;BROSSE ENFANT;6954842276519;;UNITE;500,00;5;1,00;0,00;0,00;0,00;0,00;0;0;375
270;BROSSE GOOD DOCTOR;6971667822721;;UNITE;400,00;5;5,00;0,00;0,00;0,00;0,00;0;0;275
271;COTON ALPHA;6921603213168;;SACHET;1 300,00;5;3,00;0,00;0,00;0,00;0,00;0;0;1084
272;ETIQUETTEUR 1ER ATLAS;;;;7 600,00;5;1,00;0,00;0,00;0,00;0,00;0;0;7500
273;LEV ANGEL;4680024090025;;;1 300,00;5;0,00;0,00;0,00;0,00;0,00;0;0;1075
274;RASOIR GILETTTE;;;;400,00;5;48,00;0,00;0,00;0,00;0,00;0;0;344
275;RIZ BASMATI DE 5KG;;;SACS;6 000,00;5;6,00;0,00;0,00;0,00;0,00;0;0;5200
276;RIZ LA RIZIERE 5×5;;;SACS;4 400,00;5;6,00;0,00;0,00;0,00;0,00;0;0;4200
277;ELEGANT LAVE VITRE 750ML;3571700501090;;BIDON;1 000,00;5;3,00;0,00;0,00;0,00;0,00;0;0;875
278;LAMME GILETTE;7702018480227;;PAQUET;300,00;5;4,00;0,00;0,00;0,00;0,00;0;0;250
279;LAMME DORCO;8801038570594;;PAQUET;350,00;5;20,00;0,00;0,00;0,00;0,00;0;0;300
280;PILE SONY AA2/2;058620003772;;PAIRE;750,00;5;7,00;0,00;0,00;0,00;0,00;0;0;417
281;POMMADE MEDI SOFT;8992929754008;;BIDON;600,00;5;3,00;0,00;0,00;0,00;0,00;0;0;438
282;SPAGHETTI GILDA DE 250G;8008414000427;;SACHET;300,00;5;56,00;0,00;0,00;0,00;0,00;0;0;285
283;SPAGHETTI MAMAN 200G;6181100093117;;SACHET;250,00;5;72,00;0,00;0,00;0,00;0,00;0;0;175
284;FRUITY ANANAS DE 125ML;6253500771213;;UNITE;150,00;5;7,00;0,00;0,00;0,00;0,00;0;0;110
285;FRUITY COCKTAIL DE 125ML;6253500771237;;UNITE;150,00;5;-16,00;0,00;0,00;0,00;0,00;0;0;110
286;SCHNEIDER BLEU;4004675004628;;UNITE;100,00;5;280,00;0,00;0,00;0,00;0,00;0;0;88
287;SCHNEIDER VERT;4004675004642;;UNITE;100,00;5;300,00;0,00;0,00;0,00;0,00;0;0;88
288;VEGA MAÏS DE 800G;8886409518979;;BOITE;1 600,00;5;9,00;0,00;0,00;0,00;0,00;0;0;1125
289;VEGA MAÏS DE 400G;8886409516906;;BOITE;800,00;5;12,00;0,00;0,00;0,00;0,00;0;0;563
290;MELLAIT DE 25KG;;;SAC;63 000,00;5;1,00;0,00;0,00;0,00;0,00;0;0;61000
291;NESCAFÉ CLASSIC STICK 1.5 G;6181002002415;;PAQUET;6 500,00;5;4,00;0,00;0,00;0,00;0,00;0;0;6250
292;NESCAFE CLASSSIC DE 200G;6181002001845;;BOITE;5 400,00;5;3,00;0,00;0,00;0,00;0,00;0;0;5000
293;LIPTON YELLOW 12×100;8720608603527;;PAQUET;2 500,00;5;10,00;0,00;0,00;0,00;0,00;0;0;1184
294;LOTUS 48 DE 6PCS;6181003026038;;PAQUET;500,00;5;22,00;0,00;0,00;0,00;0,00;0;0;385
295;PORTE-CLÉ;;;UNITE;500,00;5;6,00;0,00;0,00;0,00;0,00;0;0;417
296;COUCHE BÉBÉ CHOCO S 3-6KG;6940907040355;;PAQUET;1 250,00;5;9,00;0,00;0,00;0,00;0,00;0;0;950
297;COUCHE BÉBÉ CHOCO M 5-10KG;6940907040362;;PAQUET;1 250,00;5;10,00;0,00;0,00;0,00;0,00;0;0;975
298;COUCHE BÉBÉ CHOCO 8-14KG;;;PAQUET;1 100,00;5;10,00;0,00;0,00;0,00;0,00;0;0;950
299;SOFTCARE L 11/10P;6033000410108;;PAQUET;1 100,00;5;10,00;0,00;0,00;0,00;0,00;0;0;950
300;SOFTCARE M12/10P;6033000410115;;PAQUET;1 100,00;5;5,00;0,00;0,00;0,00;0,00;0;0;950
301;SOFTCARE S 15/10P;6033000410122;;PAQUET;1 100,00;5;24,00;0,00;0,00;0,00;0,00;0;0;925
302;DEODORANT ORO FRESH 300ML;8410498710015;;UNITE;1 250,00;5;4,00;0,00;0,00;0,00;0,00;0;0;1000
303;BONBON COQ;6971935200527;;BOITE;2 500,00;5;12,00;0,00;0,00;0,00;0,00;0;0;2000
304;BISCUIT DE 500;8906048735817;;PAQUET;500,00;5;4,00;0,00;0,00;0,00;0,00;0;0;417
305;BISCUIT SODA SUPER;;;UNITE;500,00;5;10,00;0,00;0,00;0,00;0,00;0;0;355
306;ASSIETTE JETABLE ATLANTIC;6553520173166;;PAQUET;1 500,00;5;29,00;0,00;0,00;0,00;0,00;0;0;1150
307;BOUGIE ETOILE 6×12CM;;;UNITE;250,00;5;0,00;0,00;0,00;0,00;0,00;0;0;167
308;BOUGIE ETOILE 6×15CM;;;UNITE;300,00;5;-2,00;0,00;0,00;0,00;0,00;0;0;192
309;BOUGIE ETOILE 6×20CM;;;UNITE;350,00;5;-1,00;0,00;0,00;0,00;0,00;0;0;233
310;GATEAU PUR DELIGHT J;6033000523006;;PAQUET;2 900,00;5;2,00;0,00;0,00;0,00;0,00;0;0;2000
311;GATEAU PURE DELIGHT B;6033000523013;;PAQUET;2 900,00;5;3,00;0,00;0,00;0,00;0,00;0;0;2000
312;VEGA POPCORNE;8886409518085;;UNITE;1 000,00;5;2,00;0,00;24,00;0,00;0,00;0;0;834
313;LAIT EN POUDRE DE 25KG;;;SACS;65 000,00;5;1,00;0,00;0,00;0,00;0,00;0;0;62000
314;BIANCA 3PLIS;6194011858362;;PAQUET;650,00;5;24,00;0,00;0,00;0,00;0,00;0;0;542
315;BONBON COUPE;;;BOITE;2 750,00;5;3,00;0,00;0,00;0,00;0,00;0;0;2700
316;PHARMA PROTEX ORANG;8693495044998;;UNITE;600,00;5;35,00;0,00;0,00;0,00;0,00;0;0;514
317;PHARMA PROTEX VERT;8693495045032;;UNITE;600,00;5;21,00;0,00;0,00;0,00;0,00;0;0;542
318;SAVON SPRING CITRON&GLY 300G;6181100538502;;STICK;500,00;5;25,00;0,00;0,00;0,00;0,00;0;0;384
319;LOTUS HYGIÉNIQUE 4 ROULEAUX;3133200114509;;PAIRE;1 200,00;5;10,00;0,00;0,00;0,00;0,00;0;0;834
320;LOTUS HYGIÉNIQUE 2 ROULEAUX;6181003000052;;PAIRE;750,00;5;19,00;0,00;0,00;0,00;0,00;0;0;417
321;SIROP GRENADINE 1L;3014400003025;;BOUTEILLE;2 300,00;5;5,00;0,00;0,00;0,00;0,00;0;0;2084
322;THON LELE DE 160G;6034000179262;;BOITE;650,00;5;18,00;0,00;0,00;0,00;0,00;0;0;520
323;PETITS POIS ROCO 800G;8007190951176;;BOITE;925,00;5;5,00;0,00;0,00;0,00;0,00;0;0;834
324;VINAIGRE VITAL 1L;;;BIDON;500,00;5;3,00;0,00;0,00;0,00;0,00;0;0;306
325;VINAIGRE PRINCE 0,3L;;;BIDON;200,00;5;14,00;0,00;0,00;0,00;0,00;0;0;135
326;MENTHOS P MELANGE;6154000043056;;PAQUET;3 500,00;5;5,00;0,00;0,00;0,00;0,00;0;0;3250
327;MENTHOS COUL MELANGE 40PCS 6/6;;;PAQUET;9 000,00;5;5,00;0,00;0,00;0,00;0,00;0;0;8000
328;MENTHOS COULEUR MEL 50PCS;;;PAQUET;11 000,00;5;5,00;0,00;0,00;0,00;0,00;0;0;10000
329;SERVIETTE HOMME SANS DESSIN;;;UNITE;750,00;5;6,00;0,00;0,00;0,00;0,00;0;0;500
330;SERVIETTE HOMME DESSIN;;;UNITE;600,00;5;22,00;0,00;0,00;0,00;0,00;0;0;292
331;SENSODYNE COMPLET DE 75ML;5054563100108;;UNITE;2 450,00;5;19,00;0,00;0,00;0,00;0,00;0;0;1750
332;MON SAVON AU LAIT;3181730201398;;UNITE;600,00;5;19,00;0,00;0,00;0,00;0,00;0;0;563
333;LEVURE ANGEL;4680024090025;;SACHETS;1 300,00;5;19,00;0,00;0,00;0,00;0,00;0;0;1075
334;SUCRE VANOISE;6191402801426;;STICK;125,00;5;0,00;0,00;0,00;0,00;0,00;0;0;113
335;BIANCA VERMIC 500G;;;UNITE;500,00;5;19,00;0,00;0,00;0,00;0,00;0;0;542
336;BIANCA 500G;6194011858362;;SACHET;600,00;5;30,00;0,00;0,00;0,00;0,00;0;0;542
337;COLGATE AU CHARBON DE 120G;8718951350885;;UNITE;1 000,00;5;4,00;0,00;0,00;0,00;0,00;0;0;792
338;COLGATE HERBAL DE 140G;6920354817823;;UNITE;750,00;5;19,00;0,00;0,00;0,00;0,00;0;0;625
339;COLGATE MAX FRESH ROUGE;8718951579262;;UNITE;750,00;5;23,00;0,00;0,00;0,00;0,00;0;0;709
340;COLGATE POUR ENFANT 2 A 3ANS;6920354812866;;UNITE;500,00;5;11,00;0,00;0,00;0,00;0,00;0;0;417
341;COUCHE BÉBÉ CHOCO L 8-14KG;6940907040379;;PAQUET;1 250,00;5;20,00;0,00;0,00;0,00;0,00;0;0;950
342;MAMAN CHOCO L 10;6971900990606;;PAQUET;4 000,00;5;5,00;0,00;0,00;0,00;0,00;0;3584;3584
343;MAMAN CHOCO M 10;6971900990491;;PAQUET;4 000,00;5;5,00;0,00;0,00;0,00;0,00;0;0;3584
344;MAMAN CHOCO XL 10;6971900990613;;PAQUET;4 000,00;5;4,00;0,00;0,00;0,00;0,00;0;0;3584
345;LEVURE VANOISE;6191402801440;;;150,00;5;35,00;0,00;0,00;0,00;0,00;0;0;138
346;LOTUS OKAY 16×50G;6181003004012;;PAIRE;1 200,00;5;12,00;0,00;0,00;0,00;0,00;0;0;891
347;LOTUS DE TABLE OKAY 33×33CM;6181003006023;;PAQUET;650,00;5;10,00;0,00;48,00;0,00;0,00;0;0;584
348;MALIA ANANAS COCO 1L;6186000504237;;UNITE;1 100,00;5;2,00;0,00;0,00;0,00;0,00;0;0;917
349;DAFANI MANGUE- ORANGE DE 1L;9504000004057;;UNITE;1 100,00;5;0,00;0,00;0,00;0,00;0,00;0;0;950
350;DAFANI COCKTAIL DE 1L;9504000004149;;UNITE;1 100,00;5;-1,00;0,00;0,00;0,00;0,00;0;0;950
351;CITEC PETIT;;;UNITE;275,00;5;38,00;0,00;0,00;0,00;0,00;0;0;225
352;DUKES DELICIOUS COOKIES AU CHOCOLAT;8901972061155;;PAQUET;1 000,00;5;29,00;0,00;0,00;0,00;0,00;0;0;730
353;DUKES DELICIOUS COOKIES AU VANILLE;8901972061162;;PAQUET;1 000,00;5;2,00;0,00;0,00;0,00;0,00;0;0;730
354;BICUITS COOKIES FRAISES;8901972061179;;PAQUET;1 000,00;5;0,00;0,00;0,00;0,00;0,00;0;0;730
355;PASTILLE VALDA;6043000050167;;PAQUET;500,00;5;45,00;0,00;0,00;0,00;0,00;0;0;250
356;RASOIR GILETTE;;;UNITE;200,00;5;79,00;0,00;0,00;0,00;0,00;0;0;172
357;CHIPS TOMATE;6297220126335;;STICK;50,00;5;88,00;0,00;0,00;0,00;0,00;0;0;37
358;CHIPS POULET BRAISÉ;6291106309140;;SACHET;50,00;5;48,00;0,00;0,00;0,00;0,00;0;0;37
359;CHIPS CHEESE FROMAGE;6297220126359;;SACHET;50,00;5;102,00;0,00;0,00;0,00;0,00;0;0;37
360;CHIPS PIZZA;6297220126342;;SACHET;50,00;5;55,00;0,00;0,00;0,00;0,00;0;0;37
361;CHIPS AU LAIT;6297220126366;;SACHET;50,00;5;1,00;0,00;0,00;0,00;0,00;0;0;37
362;AROME 3LIONS FRAISE;6043000021143;;BOUTEILLE;400,00;5;15,00;0,00;0,00;0,00;0,00;0;0;267
363;EAU LAFI;;;6 00;500,00;10;-6,00;0,00;0,00;0,00;0,00;0;0;1
364;EAU LAFI PAQUET;9504000105020;;PAQUET;2 400,00;5;0,00;0,00;0,00;0,00;0,00;0;0;0
365;PURE DELIGHT;6033000875426;;7;100,00;10;0,00;0,00;0,00;0,00;0,00;0;0;0
366;GATEAU PURE DELIGHT B;6033000523013;;PAQUET;2 900,00;5;0,00;0,00;0,00;0,00;0,00;0;0;2000
367;PURE DELIGHT;6033000522542;;STICK;100,00;5;8,00;0,00;0,00;0,00;0,00;0;0;83
368;SUCRE CARREAU ST LOUIS;;;PAQUET;1 100,00;5;0,00;0,00;0,00;0,00;0,00;0;0;980
369;MENTOS 40PCS R;80916499;;BOITE;1 500,00;5;15,00;0,00;0,00;0,00;0,00;0;0;1333
370;MENTOS 40PCS J;80864233;;BOITE;1 500,00;5;12,00;0,00;0,00;0,00;0,00;0;0;1333
371;MENTOS 50PCS J;8935001727019;;BOITE;1 750,00;5;9,00;0,00;0,00;0,00;0,00;0;0;1667
372;MENTOS 50PCS B;6154000256029;;BOITE;1 750,00;5;6,00;0,00;0,00;0,00;0,00;0;0;1667
373;MENTOS 50PCS V;8935001726166;;BOITE;1 750,00;5;5,00;0,00;0,00;0,00;0,00;0;0;1667
374;MENTOS 50PCS R;8935001726999;;BOITE;1 750,00;5;4,00;0,00;0,00;0,00;0,00;0;0;1667
375;NURSIE 2;3041091758293;;BOITE;3 500,00;5;-1,00;0,00;0,00;0,00;0,00;0;0;3042
376;CHOCOLAT ROND;8690562114431;;BOITE;2 000,00;5;15,00;0,00;0,00;0,00;0,00;0;0;1125
377;NURSIE N°2 DE 400G;10501930;;BOITE;3 500,00;5;5,00;0,00;0,00;0,00;0,00;0;0;3042
378;EAU LAFI 1.5L;9504000105013;;BIDON;500,00;5;-3,00;0,00;0,00;0,00;0,00;0;0;359
379;EAU LAFI PAQUET;9504000105020;;PAQUET;2 400,00;2;2,00;0,00;0,00;0,00;0,00;0;0;2150
380;PATTE DENTIFRICE CHINA DE 145G;6901177200115;;UNITE;750,00;5;14,00;0,00;0,00;0,00;0,00;0;0;620
381;MALTA POWER 330ML;008361003449;;CANETTE;600,00;10;47,00;0,00;24,00;0,00;0,00;0;0;458
382;COCA COLA 33CL;5449000000996;;CANETTE;400,00;10;31,00;0,00;72,00;0,00;0,00;0;0;313
383;ENERGIE STORM 0.5L;6033000340085;;BIDON;500,00;5;20,00;0,00;0,00;0,00;0,00;0;0;292
384;ENERGIE STORM 33CL;6033000340689;;BIDON;300,00;5;25,00;0,00;96,00;0,00;0,00;0;0;219
385;3X ENERGY DE 330ML;2310198120267;;CANETTE;500,00;10;56,00;0,00;0,00;0,00;0,00;0;0;458
386;CERELAC  3 FRUITS DE 400G;6033000086761;;BOITE;2 750,00;5;3,00;0,00;12,00;0,00;0,00;0;0;1917
387;CERELAC AU RIZ DE 400G;6033000082992;;BOITE;2 750,00;5;9,00;0,00;0,00;0,00;0,00;0;0;1833
388;CERELAC AU BLÉ DE 400G;6033000086839;;BOITE;2 750,00;5;6,00;0,00;12,00;0,00;0,00;0;0;1833
389;BONNET ROUGE EN POUDRE 990G;8716200681070;;BOITE;6 750,00;2;5,00;0,00;0,00;0,00;0,00;0;0;5958
390;BONNET ROUGE EN POUDRE DE 400G;8716200681056;;BOITE;3 200,00;5;10,00;0,00;0,00;0,00;0,00;0;0;2667
391;COFFEE MATE DE 1KG;8850124074553;;UNITE;5 750,00;5;11,00;0,00;0,00;0,00;0,00;0;0;5000
392;DON SIMON 1L;8410261071114;;UNITE;1 500,00;5;5,00;0,00;0,00;0,00;0,00;0;0;1333
393;COUSCOUS GILDA 1KG;8008414000298;;UNITE;1 500,00;5;6,00;0,00;0,00;0,00;0,00;0;0;1313
394;COUSCOUS TRIA 1KG;6111012100511;;UNITE;1 500,00;5;11,00;0,00;0,00;0,00;0,00;0;0;1313
395;MAGGI TABLETTE;6181002001715;;PAQUET;1 650,00;5;12,00;0,00;0,00;0,00;0,00;0;0;1583
396;MAGGI JUMBO AROME;8410300354956;;PAQUET;1 250,00;5;12,00;0,00;0,00;0,00;0,00;0;0;1105
397;CARTE NOIRE BOUTEILLE 100G;8000070016644;;BOUTEILLE;5 200,00;5;8,00;0,00;0,00;0,00;0,00;0;0;4667
398;AJAX 750G;8714789936857;;BIDON;1 500,00;5;8,00;0,00;0,00;0,00;0,00;0;0;1325
399;LINGETTES OPTIQUES;3258561660264;;PAQUET;1 350,00;5;22,00;0,00;0,00;0,00;0,00;0;0;625
400;NESQUIK 390G;8445290157348;;BOITE;3 250,00;5;8,00;0,00;0,00;0,00;0,00;0;0;2667
401;PATTE TOMATE SOFATO 400G;6186000913046;;BOITE;800,00;5;0,00;0,00;0,00;0,00;0,00;0;0;782
402;LABELLO NIVEA;4005900092656;;UNITE;1 000,00;5;12,00;0,00;0,00;0,00;0,00;0;0;833
403;LABELLO CLASSIC;4005808850006;;UNITE;750,00;5;42,00;0,00;0,00;0,00;0,00;0;0;667
404;THÉ CHEVAL110G;4895032502860;;PAQUET;1 000,00;5;21,00;0,00;0,00;0,00;0,00;0;0;854
405;THÉ CHEVAL DE 220G;4895032501115;;PAQUET;2 250,00;5;11,00;0,00;0,00;0,00;0,00;0;0;1708
406;GO FRESH D;8691707095158;;STICK;100,00;5;3,00;0,00;0,00;0,00;0,00;0;0;66
407;GO FRESH;8691707195162;;PAQUET;2 000,00;5;0,00;0,00;0,00;0,00;0,00;0;0;1583
408;THÉ VERT ACHOURA;6975902880002;;PAQUET;1 250,00;5;11,00;0,00;0,00;0,00;0,00;0;0;975
409;THÉ VERT ACHOURA D;6975902880002;;UNITE;125,00;5;64,00;0,00;0,00;0,00;0,00;0;0;98
410;PHOSPHATINE LACTÉE FRUITS 12×190G;3041091879219;;PAQUET;1 200,00;5;9,00;0,00;0,00;0,00;0,00;0;0;1033
411;PHOSPHATINE MIEL 12×190G;3041091879172;;PAQUET;1 200,00;5;10,00;0,00;0,00;0,00;0,00;0;0;1033
412;PHOSPHATINE MULTI-CÉRÉALES 12×190G;3041091879233;;PAQUET;1 200,00;5;4,00;0,00;0,00;0,00;0,00;0;0;1033
413;HUILE DINOR DE 3L;6181100222999;;BIDON;4 850,00;5;6,00;0,00;6,00;0,00;0,00;0;0;4333
414;RIO POP;6181100064056;;PAQUET;1 250,00;5;2,00;0,00;0,00;0,00;0,00;0;0;1110
415;RIO POP D;;;UNITE;50,00;20;255,00;0,00;0,00;0,00;0,00;0;0;24
416;SAVON FANICO DE 300G;6181001995916;;UNITE;500,00;5;46,00;0,00;0,00;0,00;0,00;0;0;385
417;OMO EXTRA FRESH 900G;6181001995688;;UNITE;1 750,00;5;8,00;0,00;0,00;0,00;0,00;0;0;1650
418;LINGETTE BÉBÉ CHOCO;6971962389011;;PAQUET;3 250,00;2;4,00;0,00;0,00;0,00;0,00;0;0;2750
419;HARICOT ROUGE 1/2 DE 400G;3258561211251;;BOITE;1 150,00;5;12,00;0,00;0,00;0,00;0,00;0;0;833
420;CHAMPION ENTIER 780G;3258561210803;;BOITE;2 900,00;5;5,00;0,00;0,00;0,00;0,00;0;0;2667
421;HARICOT BLANC A LA TOMATE 400G;3258561211398;;BOITE;1 150,00;5;11,00;0,00;0,00;0,00;0,00;0;0;833
422;PETITS POIS EXTRA-FINS;3258561211213;;BOITE;1 200,00;5;17,00;0,00;0,00;0,00;0,00;0;0;917
423;SOUPLINE 1.9L;8718951555143;;BIDON;4 250,00;5;5,00;0,00;0,00;0,00;0,00;0;0;3750
424;SALADE DE FRUITS;3255693000524;;BOITE;2 500,00;5;10,00;0,00;0,00;0,00;0,00;0;0;2083
425;STICK CHICORÉE SOLUBLE;3067140013380;;PAQUET;2 500,00;5;7,00;0,00;0,00;0,00;0,00;0;0;2083
426;TORSADES DE 500G;3258561110424;;PAQUET;1 100,00;5;13,00;0,00;0,00;0,00;0,00;0;0;936
427;PENNE RIGATE 500G;3258561110394;;PAQUET;1 300,00;5;7,00;0,00;0,00;0,00;0,00;0;0;1083
428;SERVIETTES EN PAPIER DOUBLE ÉPAISSEUR 33X32CM;3258561542324;;UNITE;1 250,00;5;17,00;0,00;0,00;0,00;0,00;0;0;1100
429;INFUSION ELEPHANT;8720608030347;;PAQUET;2 000,00;5;11,00;0,00;0,00;0,00;0,00;0;0;1875
430;EPONGE GRATTANTE DELICATE;3258561510965;;UNITE;800,00;5;9,00;0,00;0,00;0,00;0,00;0;0;572
431;EPONGE GRATTANTE DOUCE SALLE DE BAIN;3258561510958;;UNITE;800,00;5;11,00;0,00;0,00;0,00;0,00;0;0;500
432;EPONGE GRATTANTE RECURAGE DIFFICILE;3258561510941;;UNITE;850,00;5;14,00;0,00;0,00;0,00;0,00;0;0;572
433;EPONGE GROS TRAVAUX XXL;3011261010308;;UNITE;1 000,00;5;6,00;0,00;0,00;0,00;0,00;0;0;889
434;SARDINE CITRON DE 125G;3251870002190;;UNITE;1 000,00;5;32,00;0,00;0,00;0,00;0,00;0;0;903
435;SEL DE MER LA BALEINE G GRAINE 1KG;3183280000933;;UNITE;750,00;5;12,00;0,00;0,00;0,00;0,00;0;0;583
436;COQUILLETTES DE 500G;3258561110127;;UNITE;1 100,00;5;16,00;0,00;0,00;0,00;0,00;0;0;938
437;PAPIER TOILETTE DOUCEUR DÉCORÉ;3258561668093;;PAQUET;2 100,00;5;7,00;0,00;0,00;0,00;0,00;0;0;1786
438;PAPIER TOILETTE PARFUMÉ MARINE;3258561668116;;PAQUET;2 100,00;5;6,00;0,00;0,00;0,00;0,00;0;0;1786
439;VODKA POLIAKOV;3147690059004;;BOUTEILLE;6 700,00;2;4,00;0,00;0,00;0,00;0,00;0;0;4667
440;VIN ROCCA GLORIOSA;8003295013429;;BOUTEILLE;7 000,00;2;5,00;0,00;0,00;0,00;0,00;0;0;5000
441;LABEL 5;3147690051107;;BOUTEILLE;8 000,00;2;0,00;0,00;0,00;0,00;0,00;0;0;6000
442;VIN CARAVELA;7610029188219;;BOUTEILLE;7 000,00;2;0,00;0,00;0,00;0,00;0,00;0;0;5000
443;CREVETTE MOULU;;;BOITE;2 250,00;5;2,00;0,00;0,00;0,00;0,00;0;0;2000
444;MELANGE 8 EPICES;;;BOITE;1 800,00;5;0,00;0,00;0,00;0,00;0,00;0;0;1600
445;EPICES BBQ;;;BOITE;1 800,00;5;1,00;0,00;0,00;0,00;0,00;0;0;1600
446;AIL MOULU;;;POT;1 750,00;5;0,00;0,00;0,00;0,00;0,00;0;0;1500
447;POIVRE BLANC;;;BOITE;1 750,00;5;0,00;0,00;0,00;0,00;0,00;0;0;1500
448;ANIS VERT;;;POT;1 300,00;5;1,00;0,00;0,00;0,00;0,00;0;0;1100
449;CURCUMA;;;BOITE;1 300,00;5;2,00;0,00;0,00;0,00;0,00;0;0;1100
450;CUMIN;;;BOITE;1 300,00;5;2,00;0,00;0,00;0,00;0,00;0;0;1100
451;POIVRE NOIR;;;BOITE;1 300,00;5;0,00;0,00;0,00;0,00;0,00;0;0;1100
452;PIMENT NOIR;;;BOITE;1 300,00;5;2,00;0,00;0,00;0,00;0,00;0;0;1100
453;CLOU DE GIROFLE;;;BOITE;1 300,00;5;1,00;0,00;0,00;0,00;0,00;0;0;1100
454;LAURIER;;;BOITE;1 300,00;5;1,00;0,00;0,00;0,00;0,00;0;0;1100
455;MELANGE POUR LES SAUCES;;;BOITE;1 800,00;5;1,00;0,00;0,00;0,00;0,00;0;0;1600
456;EGUISI;;;BOITE;1 300,00;5;2,00;0,00;0,00;0,00;0,00;0;0;1100
457;HERBES DE PROVENCE;;;BOITE;1 300,00;5;2,00;0,00;0,00;0,00;0,00;0;0;1100
458;ROMARIN;;;BOITE;1 300,00;5;2,00;0,00;0,00;0,00;0,00;0;0;1100
459;CURRY;;;BOITE;1 300,00;5;0,00;0,00;0,00;0,00;0,00;0;0;1100
460;PAPRIKA;;;BOITE;1 300,00;5;1,00;0,00;0,00;0,00;0,00;0;0;1100
461;CANELLE;;;BOITE;1 300,00;5;1,00;0,00;0,00;0,00;0,00;0;0;1100
462;NOIX DE PEPE;;;BOITE;1 300,00;5;2,00;0,00;0,00;0,00;0,00;0;0;1100
463;FARINE DE MAÏS 1KG;;;KG;700,00;2;1,00;0,00;0,00;0,00;0,00;0;0;600
464;FARINE DE MAÏS 1KG;;;KG;700,00;2;1,00;0,00;0,00;0,00;0,00;0;0;600
467;FARINE DE MAÏS DE 5KG;;;KG;3 500,00;2;1,00;0,00;0,00;0,00;0,00;0;0;3250
468;FARINE DE MAÏS DE 10KG;;;KG;7 000,00;2;0,00;0,00;0,00;0,00;0,00;0;0;6500
469;FARINE DE MAÏS DE 15KG;;;KG;10 000,00;2;1,00;0,00;0,00;0,00;0,00;0;0;9500
470;COUSCOUS DE MAÏS 500G;;;KG;700,00;2;0,00;0,00;0,00;0,00;0,00;0;0;600
471;COUSCOUS DE MAÏS DE 1KG;;;KG;1 300,00;2;1,00;0,00;0,00;0,00;0,00;0;0;1100
472;FONIO PROPRE DE 1KG;;;KG;1 800,00;2;2,00;0,00;0,00;0,00;0,00;0;0;1600
473;FONIO PRECUIT DE 1KG;;;KG;1 750,00;2;6,00;0,00;0,00;0,00;0,00;0;0;1500
474;COUSCOUS DU RIZ AU LEGUMES DE 1KG;;;KG;1 500,00;2;2,00;0,00;0,00;0,00;0,00;0;0;1400
475;COUSCOUS DU RIZ PRECUIT DE 1KG;;;KG;1 500,00;2;2,00;0,00;0,00;0,00;0,00;0;0;1400
476;COUSCOUS DU RIZ A LA VIANDE DE 1KG;;;KG;1 600,00;2;2,00;0,00;0,00;0,00;0,00;0;0;1500
477;FARINE DE SORGHO BLANC DE 1KG;;;KG;700,00;2;1,00;0,00;0,00;0,00;0,00;0;0;600
478;EAU LAFI DE 1.5L;9504000105013;;BIDON;500,00;5;0,00;0,00;0,00;0,00;0,00;0;0;359
479;EAU IDÉALE DE 0.5L;9658632547885;;BIDON;250,00;5;23,00;0,00;0,00;0,00;0,00;0;0;150
480;IRA 320ML;6600001900053;;UNITE;500,00;5;41,00;0,00;72,00;0,00;0,00;0;0;365
481;BEAUFORT 33CL;9501100000118;;CANETTE;600,00;5;46,00;0,00;0,00;0,00;0,00;0;0;438
482;MARTENS 50CL;5411616122645;;UNITE;800,00;5;5,00;0,00;0,00;0,00;0,00;0;0;667
483;DESPERADO;5025866001676;;UNITE;750,00;5;-3,00;0,00;24,00;0,00;0,00;0;0;520
484;CASTEL BEER DE 33CL;9501100002051;;UNITE;600,00;5;40,00;0,00;48,00;0,00;0,00;0;0;438
485;FANTA 0.5L;40822938;;BIDON;500,00;5;18,00;0,00;36,00;0,00;0,00;0;0;375
486;COCA 0.5L;54491472;;BIDON;500,00;5;28,00;0,00;12,00;0,00;0,00;0;0;375
487;PETIT COLA;6186666888818;;BIDON;900,00;5;21,00;0,00;0,00;0,00;0,00;0;0;792
488;X-PLUS;6034116253412;;BIDON;250,00;5;10,00;0,00;0,00;0,00;0,00;0;0;169
489;JUS ETOILES EN BIDON;6034000211047;;BIDON;250,00;5;38,00;0,00;30,00;0,00;0,00;0;0;150
490;TIKTOK;6034000590104;;UNITE;100,00;5;1,00;0,00;0,00;0,00;0,00;0;0;79
491;COQUILETTE GILDA DE 200G;8008414000465;;UNITE;350,00;5;25,00;0,00;0,00;0,00;0,00;0;0;289
492;COQUILETTE MAMA DE 200G;6181100093292;;UNITE;250,00;5;71,00;0,00;0,00;0,00;0,00;0;0;181
493;MAGGI ONGA;6008155018592;;PAQUET;1 600,00;5;12,00;0,00;0,00;0,00;0,00;0;0;1417
494;JUS ETOILE EN POT;6034000211054;;BOITE;100,00;5;12,00;0,00;28,00;0,00;0,00;0;0;68
495;BEURRE DELICIA 450G;6181100227024;;BOITE;1 100,00;5;12,00;0,00;40,00;0,00;0,00;0;0;938
496;OMO SAABA DE 1KG;9555246323372;;UNITE;1 450,00;5;12,00;0,00;0,00;0,00;0,00;0;0;1250
497;OMO SAABA DE 50F;9555246323617;;UNITE;50,00;5;86,00;0,00;0,00;0,00;0,00;0;0;33
498;SAVON XMED DE 160;3393710004503;;UNITE;550,00;5;84,00;0,00;0,00;0,00;0,00;0;0;417
499;BONNET ROUGE DE 100F;6186000208630;;UNITE;100,00;5;40,00;0,00;0,00;0,00;0,00;0;0;90
500;BONNET BLEU DE 160G;8716200680103;;BOITE;450,00;5;25,00;0,00;0,00;0,00;0,00;0;0;313
501;TOMATE PASTE 125F;;;BOITE;125,00;5;11,00;0,00;0,00;0,00;0,00;0;0;110
502;LAUSANE DETAIL;8906048739143;;UNITE;100,00;5;0,00;0,00;0,00;0,00;0,00;0;0;78
503;LAUSANE PAQUET;8906048739150;;PAQUET;1 100,00;2;3,00;0,00;0,00;0,00;0,00;0;0;938
504;FANTA 1.5L;5449000052926;;BIDON;1 000,00;5;2,00;0,00;0,00;0,00;0,00;0;0;916
505;COCA COLA 1.5L;5449000000439;;BIDON;1 000,00;5;13,00;0,00;15,00;0,00;0,00;0;0;916
506;BONBON LOLLIPOPS;6971935200527;;BOITE;2 500,00;2;2,00;0,00;0,00;0,00;0,00;0;0;2000
507;BONBON LOLLIPOPS DETAIL;;;UNITE;50,00;5;97,00;0,00;0,00;0,00;0,00;0;0;42
508;CHOCOLA ROND;8690562114431;;BOITE;2 000,00;5;3,00;0,00;0,00;0,00;0,00;0;0;1125
509;CHOCOLA ROND DETAIL;;;UNITE;25,00;30;9,00;0,00;0,00;0,00;0,00;0;0;12
510;VERRE DURAMAX;3550190014501;;PAQUET;2 250,00;5;6,00;0,00;0,00;0,00;0,00;0;0;1542
511;RIZ DINOR DE 5KG;6181100229486;;SACS;5 250,00;2;1,00;0,00;0,00;0,00;0,00;0;0;4500
512;CHEWING-GUM NICE FRESH;6965300913305;;PAQUET;1 500,00;5;4,00;0,00;0,00;0,00;0,00;0;0;1250
513;SARAY BISTELLA D;8690705062346;;UNITE;250,00;5;-9,00;0,00;0,00;0,00;0,00;0;0;222
514;SARAY BISTELLA PAQUET;8690705062343;;PAQUET;6 000,00;2;0,00;0,00;0,00;0,00;0,00;0;0;4000
515;PECTOL FRESH;8411500049437;;PAQUET;3 600,00;2;3,00;0,00;0,00;0,00;0,00;0;0;3250
516;PECTOL FRESH DETAIL;;;UNITE;100,00;5;25,00;0,00;0,00;0,00;0,00;0;0;87
517;POTATA JAUNE;840205706587;;PAQUET;2 500,00;2;3,00;0,00;0,00;0,00;0,00;0;0;1950
518;POTATA ROUGE;840205706594;;PAQUET;2 500,00;2;2,00;0,00;0,00;0,00;0,00;0;0;2050
519;OMO ORAGE;;;UNITE;50,00;5;74,00;0,00;0,00;0,00;0,00;0;0;41
520;HUILE ROUGE 1L;;;BIDON;2 500,00;5;4,00;0,00;0,00;0,00;0,00;0;0;2250
521;HUILE ROUGE 0.5L;;;BIDON;1 500,00;5;4,00;0,00;0,00;0,00;0,00;0;0;1250
522;EAU BABALI 1,5L;3770010900023;;BIDON;500,00;5;6,00;0,00;0,00;0,00;0,00;0;0;317
523;EAU IDÉALE DE 1,5L;9265486325684;;BIDON;500,00;5;30,00;0,00;0,00;0,00;0,00;0;0;300
524;EAU IDÉALE PAQUET;;;PAQUET;2 400,00;5;17,00;0,00;29,00;0,00;0,00;0;0;1800
525;EAU IDÉALE 0,5L;;;PAQUET;2 000,00;5;29,00;0,00;0,00;0,00;0,00;0;0;1800
526;OMO SO-KLIN DE 400G;8998866613675;;UNITE;850,00;5;8,00;0,00;0,00;0,00;0,00;0;0;708
527;OMO SO-KLIN DE 900G;8998866613682;;UNITE;1 500,00;5;5,00;0,00;0,00;0,00;0,00;0;0;1300
528;MACÉDOINE DE LÉGUMES 400G;8886409519389;;BOITE;800,00;5;11,00;0,00;0,00;0,00;0,00;0;0;521
529;ALYSSA TOMATO KETCHUP 990G;6181100570533;;BIDON;1 650,00;5;8,00;0,00;0,00;0,00;0,00;0;0;1417
530;ALYSSA TOMATO KETCHUP 340G;6181100570519;;BIDON;750,00;5;14,00;0,00;0,00;0,00;0,00;0;0;625
531;SCHWEPPES;5449000171351;;CANETTE;400,00;5;28,00;0,00;192,00;0,00;0,00;0;0;313
532;HUILE OLIVE DE 100ML;840205732586;;BOUTEILLE;1 000,00;5;5,00;0,00;0,00;0,00;0,00;0;0;1027
533;SUCRE NATIONAL;;;PAQUET;1 250,00;2;2,00;0,00;0,00;0,00;0,00;0;0;1000
534;CUILLERE ALUMINUM;6954278654851;;PAQUET;1 000,00;5;0,00;0,00;0,00;0,00;0,00;0;0;750
535;OMO FASSI 1KG;6972812092204;;UNITE;1 250,00;5;2,00;0,00;0,00;0,00;0,00;0;0;875
536;OMO FASSI 500G;6972812092303;;UNITE;750,00;5;5,00;0,00;0,00;0,00;0,00;0;0;438
537;LIPTON GREEN INTENSE MINT;5063270101766;;PAQUET;3 675,00;5;4,00;0,00;0,00;0,00;0,00;0;0;3375
538;LIPTON INFUSION CAMOMILLE;5063270101575;;PAQUET;3 800,00;5;4,00;0,00;0,00;0,00;0,00;0;0;3500
539;LOTUS NATAL;6188000022612;;PAQUET;750,00;5;23,00;0,00;0,00;0,00;0,00;0;0;667
540;LAIT PRESIDENT SEMI-ÉCRÉMÉ 1L;3228024910373;;BIDON;1 750,00;5;19,00;0,00;0,00;0,00;0,00;0;0;1542
541;COLGATE MAXI-WHITE 100ML;6920354824845;;UNITE;800,00;5;10,00;0,00;0,00;0,00;0,00;0;0;708
542;EAU LAFI 1,5L PAQUET;9504000105013;;PAQUET;3 000,00;5;2,00;0,00;8,00;0,00;0,00;0;0;2300
543;EAU IDÉALE DE 1,5L PAQUET;9265486325684;;PAQUET;2 400,00;5;22,00;0,00;0,00;0,00;0,00;0;0;1800
544;EAU LAFI DE 1,5L;9504000105013;;BIDON;500,00;10;12,00;0,00;48,00;0,00;0,00;0;0;383
545;EAU IDÉALE DE 1,5L;9265486325684;;BIDON;500,00;5;132,00;0,00;0,00;0,00;0,00;0;0;300
546;HUILE DINOR 20L;;;BIDON;21 000,00;5;1,00;0,00;0,00;0,00;0,00;0;0;20000
547;COQUILETTE GILDA 200G PAQ;;;CARTON;13 000,00;5;1,00;0,00;2,00;0,00;0,00;0;0;11250
548;HUILE BONITA PQ;;;PAQUET;25 000,00;5;1,00;0,00;0,00;0,00;0,00;0;0;23000
549;HUB GOYAVE 1L;;;UNITE;1 100,00;5;12,00;0,00;0,00;0,00;0,00;0;0;833
550;SPAGHETTI GILDA PQ;;;PAQUET;13 000,00;5;4,00;0,00;4,00;0,00;0,00;0;0;11250
551;VERRE JETABLE CAPPUCCINO;;;PAQUET;900,00;5;18,00;0,00;20,00;0,00;0,00;0;0;750
552;BOIS DE GLACE;;;PAQUET;300,00;5;1,00;0,00;0,00;0,00;0,00;0;0;200
553;EAU IDÉALE 1,5L PQ;;;PAQUET;2 000,00;5;7,00;0,00;0,00;0,00;0,00;0;0;1800
554;EAU IDÉALE 1,5L D;9265486325684;;BIDON;500,00;5;12,00;0,00;0,00;0,00;0,00;0;0;300
555;EAU LAFI DE 1,5L;9504000105013;;BIDON;500,00;5;53,00;0,00;0,00;0,00;0,00;0;0;384
556;EAU LAFI 1,5L PQ;;;PAQUET;3 000,00;5;2,00;0,00;0,00;0,00;0,00;0;0;2300
557;EAU IDÉALE 0,5L PQ;;;PAQUET;2 000,00;5;10,00;0,00;0,00;0,00;0,00;0;0;1800
558;EAU IDÉALE 0,35L PQ;;;PAQUET;1 500,00;5;13,00;0,00;0,00;0,00;0,00;0;0;1000
559;GIRL FRIEND COCOA 1L;616762014669;;UNITE;2 000,00;5;3,00;0,00;0,00;0,00;0,00;0;0;1400
560;HARMONY NOURISHING;8906012844521;;UNITE;1 750,00;5;3,00;0,00;0,00;0,00;0,00;0;0;1250
561;RINJU BEAUTÉ RÉELLE;697896010185;;UNITE;3 500,00;5;2,00;0,00;0,00;0,00;0,00;0;0;2800
562;DIVINE COCOA BUTTER;8906012844514;;UNITE;1 750,00;5;3,00;0,00;0,00;0,00;0,00;0;0;1250
563;QUEEN HELENE BODY;079896174812;;UNITE;4 500,00;5;2,00;0,00;0,00;0,00;0,00;0;0;3750
564;HARMONY CARROT;8906012844569;;UNITE;1 750,00;5;2,00;0,00;0,00;0,00;0,00;0;0;1250
565;CLERE COCOA BUTTER;6001374081033;;UNITE;1 750,00;5;3,00;0,00;0,00;0,00;0,00;0;0;1350
566;REVLON REALISTIC;6001374037764;;UNITE;2 750,00;5;2,00;0,00;0,00;0,00;0,00;0;0;2000
567;REVLON REALISTIC V;6001374037801;;UNITE;2 750,00;5;2,00;0,00;0,00;0,00;0,00;0;0;2000
568;REVLON REALISTIC N;6001374037788;;UNITE;2 750,00;5;2,00;0,00;0,00;0,00;0,00;0;0;2000
569;AMERICAN DREAM COCOA B;5035620501618;;UNITE;5 000,00;5;1,00;0,00;0,00;0,00;0,00;0;0;4334
570;AMERICAN DREAM CORRECTOR;5035620964994;;UNITE;5 000,00;5;2,00;0,00;0,00;0,00;0,00;0;0;4334
571;AMERICAN DREAM LAVENDER;5035620043804;;UNITE;5 000,00;5;2,00;0,00;0,00;0,00;0,00;0;0;4334
572;JERGENS FACE CREAM;019100006775;;UNITE;4 250,00;5;3,00;0,00;0,00;0,00;0,00;0;0;3750
573;CLERE FOR MEN ACTIVE;6001374057205;;UNITE;2 000,00;5;3,00;0,00;0,00;0,00;0,00;0;0;1500
574;CLERE FOR MEN ACT;6001374057229;;UNITE;2 000,00;5;3,00;0,00;0,00;0,00;0,00;0;0;1500
575;CLERE VANILLA HONEY CREAM;6001374503009;;UNITE;1 750,00;5;3,00;0,00;0,00;0,00;0,00;0;0;1350
576;RAMSII HAND & BODY;743690087806;;UNITE;3 500,00;5;3,00;0,00;0,00;0,00;0,00;0;0;3000
577;P LATOUCHE BODY;697896010161;;UNITE;3 500,00;5;3,00;0,00;0,00;0,00;0,00;0;0;3000
578;CLERE PURE GLYCERINE;60060280;;UNITE;1 750,00;5;6,00;0,00;0,00;0,00;0,00;0;0;1250
579;LAIT DE BEAUTÉ PALMERS COCOA BUTTER 500ML;010181141652;;UNITE;4 500,00;5;2,00;0,00;0,00;0,00;0,00;0;0;3750
580;CLERE TROPICAL FRUIT;6001374052842;;UNITE;1 750,00;5;3,00;0,00;0,00;0,00;0,00;0;0;1350
581;CLERE TROPICAL COCONUT;616762141686;;UNITE;1 750,00;5;3,00;0,00;0,00;0,00;0,00;0;0;1350
582;YAOURT PABRÉ 75CL;6930953011690;;POT;1 000,00;5;2,00;0,00;0,00;0,00;0,00;0;0;800
583;YAOURT PABRÉ 50CL;6930953011676;;POT;700,00;5;15,00;0,00;0,00;0,00;0,00;0;0;600
584;YAOURT PABRÉ 25CL;6930953011713;;POT;400,00;5;15,00;0,00;0,00;0,00;0,00;0;0;350
585;YAOURT PABRÉ BIDON 33CL;6930953011652;;BIDON;400,00;5;13,00;0,00;0,00;0,00;0,00;0;0;325
586;YAOURT PABRÉ PETIT POT;;;POT;200,00;5;19,00;0,00;0,00;0,00;0,00;0;0;175
587;TORCHON  500;;;UNITE;500,00;5;44,00;0,00;0,00;0,00;0,00;0;0;208
588;X-PLUS;6034116253412;;BIDON;250,00;5;2,00;0,00;176,00;0,00;0,00;0;0;169
589;PILE KODAK AA×4;887930952865;;PAQUET;1 000,00;5;18,00;0,00;0,00;0,00;0,00;0;0;750
590;PILE KODAK AAA×4;887930952810;;QUADRUPLE;1 000,00;5;12,00;0,00;0,00;0,00;0,00;0;0;750
591;PIKCELL AA R6P;6942449511416;;QUADRIPLE;400,00;5;6,00;0,00;0,00;0,00;0,00;0;0;250
592;PIKCELL AAA R03P;6942449512031;;QUADRUPLE;400,00;5;7,00;0,00;0,00;0,00;0,00;0;0;250
593;PIKCELL CR2025;6942449561831;;UNITE;500,00;5;5,00;0,00;0,00;0,00;0,00;0;0;200
594;PIKCELL CR 2016;6942449561237;;UNITE;500,00;5;5,00;0,00;0,00;0,00;0,00;0;0;200
595;PIKCELL CR 2032;6942449562432;;UNITE;500,00;5;3,00;0,00;0,00;0,00;0,00;0;0;200
596;PIKCELL CR1632;6942449560629;;UNITE;500,00;5;5,00;0,00;0,00;0,00;0,00;0;0;200
597;SONY CR2016;008562007628;;UNITE;1 000,00;5;5,00;0,00;0,00;0,00;0,00;0;0;500
598;SONY CR2032;008562007642;;UNITE;1 000,00;5;4,00;0,00;0,00;0,00;0,00;0;0;500
599;SONY CR2025;008562007635;;UNITE;1 000,00;5;5,00;0,00;0,00;0,00;0,00;0;0;500
600;PIKCELL 9V;;;UNITE;300,00;5;9,00;0,00;0,00;0,00;0,00;0;0;175
601;FRUITY ANANAS;6253500771213;;UNITE;150,00;5;-1,00;0,00;0,00;0,00;0,00;0;0;110
602;ENERGIE STORM 0,5L;6033000340085;;BIDON;500,00;5;15,00;0,00;68,00;0,00;0,00;0;0;292
603;NESTLE NIDO DE 400G;8445291283169;;BOITE;3 200,00;5;5,00;0,00;0,00;0,00;0,00;0;0;2854
604;SAVON MAYA 275G;6186000678044;;UNITE;300,00;5;47,00;0,00;10,00;0,00;0,00;0;0;228
605;FRUITY ORANGE 125ML;6253500771220;;UNITE;150,00;10;3,00;0,00;0,00;0,00;0,00;0;0;102
606;VEGA POPCORN COCO;8886409518061;;UNITE;1 000,00;10;18,00;0,00;0,00;0,00;0,00;0;0;416
607;RIZ LIZA 25KG;;;SAC;11 500,00;5;1,00;0,00;0,00;0,00;0,00;0;0;10750
608;RIZ LIZA 50KG;;;SAC;22 000,00;5;0,00;0,00;0,00;0,00;0,00;0;0;20750
609;DAFANI MANGUE 1L;9504000004040;;UNITE;1 100,00;5;8,00;0,00;0,00;0,00;0,00;0;0;958
610;CITEC GROS PQ;;;CARTON;11 000,00;2;1,00;0,00;0,00;0,00;0,00;0;0;9000
611;CITEC PETIT PQ;;;CARTON;11 000,00;2;1,00;0,00;2,00;0,00;0,00;0;0;9000
612;THÉ ARAWANE;;;UNITE;125,00;10;200,00;0,00;0,00;0,00;0,00;0;0;85
613;YAOURT FRAISE PABRÉ;6930953011676;;POT;700,00;2;-1,00;0,00;0,00;0,00;0,00;0;0;600
614;RIZ CAPITAIN 25KG;;;KG;14 000,00;5;0,00;0,00;0,00;0,00;0,00;0;0;10000
615;PLAQUETTE DE 30 ŒUFS;;;PLAQUETTE;3 500,00;2;6,00;0,00;0,00;0,00;0,00;0;0;3250
616;GRUMEAUX de deguê PETIT MIL 500G;80721861;;UNITE;1 000,00;2;1,00;0,00;0,00;0,00;0,00;0;0;800
617;GRUMEAUX DE BOUILLIE SORGHO ROUGE;8002022030449;;UNITE;900,00;2;-2,00;0,00;0,00;0,00;0,00;0;0;750
618;COCO BAGA PETIT MIL;;;UNITE;900,00;2;7,00;0,00;0,00;0,00;0,00;0;0;750
619;Deguê Sucre;;;UNITE;750,00;2;-1,00;0,00;0,00;0,00;0,00;0;0;600
620;POUDRE DE GIMGEMBRE P POT;;;POT;600,00;2;0,00;0,00;0,00;0,00;0,00;0;0;500
621;OMO SAABA 30G PQ;9555246323303;;SAC;5 500,00;1;1,00;0,00;0,00;0,00;0,00;0;0;5000
622;OMO SAABA 15G PQ;9555246323297;;SAC;5 000,00;1;1,00;0,00;0,00;0,00;0,00;0;0;4500
623;COQUILETTES MAMA PQ;;;CARTON;8 000,00;2;0,00;0,00;0,00;0,00;0,00;0;0;7400
624;BISCUIT STRAWBERRY;8904465001263;;UNITE;500,00;10;28,00;0,00;0,00;0,00;0,00;0;0;218
625;THÉ ARAWANE;;;UNITE;125,00;5;100,00;0,00;0,00;0,00;0,00;0;0;85
626;THÉ ARAWANE PQ;;;PAQUET;1 000,00;5;2,00;0,00;0,00;0,00;0,00;0;0;850
627;HUILE DINOR 20L;;;BIDON;20 500,00;2;8,00;0,00;0,00;0,00;0,00;0;0;19000
628;EAU LAFI 1,5L PAQUET;;;PAQUET;2 400,00;5;21,00;0,00;0,00;0,00;0,00;0;0;2150
629;CLERE MEN STORM;6001374042928;;UNITE;2 000,00;2;2,00;0,00;0,00;0,00;0,00;0;0;1400
630;CLERE MEN ICE;6001374033742;;UNITE;2 000,00;2;2,00;0,00;0,00;0,00;0,00;0;0;1400
631;CLERE MEN ACTIVE;6001374057144;;UNITE;2 000,00;2;2,00;0,00;0,00;0,00;0,00;0;0;1400
632;CLERE MEN PROMOIST;6001374057168;;UNITE;2 000,00;2;1,00;0,00;0,00;0,00;0,00;0;0;1400
633;SUCRE EN POUDRE 1KG;;;SACHET;650,00;5;1,00;0,00;0,00;0,00;0,00;0;0;500
634;SUCRE EN POUDRE 1/2KG;;;SACHET;325,00;5;0,00;0,00;0,00;0,00;0,00;0;0;250
635;ŒUFS DETAILS;;;UNITE;125,00;10;19,00;0,00;0,00;0,00;0,00;0;0;108
636;MIEL 200ML;;;BOUTEILLE;2 500,00;2;3,00;0,00;0,00;0,00;0,00;0;0;2000
637;MIEL 400ML;;;BOUTEILLE;3 250,00;2;3,00;0,00;0,00;0,00;0,00;0;0;3000
638;MIEL DU TERROIR 0,5L;;;BIDON;4 000,00;2;4,00;0,00;0,00;0,00;0,00;0;0;3500
639;MIEL DU TERROIR 1L;;;BIDON;8 000,00;2;5,00;0,00;0,00;0,00;0,00;0;0;7000
640;LOTUS DE POCHE;6181003013991;;UNITE;100,00;10;63,00;0,00;0,00;0,00;0,00;0;0;75
641;BONBON COUPE D;;;UNITE;50,00;10;2,00;0,00;0,00;0,00;0,00;0;0;45
642;BISCUIT DH G POT;;;POT;1 000,00;2;1,00;0,00;0,00;0,00;0,00;0;0;900
643;BISCUIT DH P POT;;;POT;500,00;2;2,00;0,00;0,00;0,00;0,00;0;0;400
644;BISCUIT DH SACHET;;;UNITE;250,00;2;0,00;0,00;0,00;0,00;0,00;0;0;200
645;CHEWING-GUM NICE D;;;UNITE;25,00;5;22,00;0,00;0,00;0,00;0,00;0;0;20
646;GATEAU PURE DELIGHT BLEU DETAIL;6033000522542;;STICK;100,00;10;32,00;0,00;0,00;0,00;0,00;0;0;83
647;BEURRE RAMA DE 200G;6033000296153;;UNITE;500,00;5;0,00;0,00;0,00;0,00;0,00;0;0;425
648;AROME 3 LIONS ESSENCE VANILLE;6043000021181;;BOUTEILLE;400,00;5;6,00;0,00;0,00;0,00;0,00;0;0;271
649;AROME 3 LIONS ESSENCE ANANAS;6043000021204;;BOUTEILLE;400,00;5;17,00;0,00;0,00;0,00;0,00;0;0;271
650;AROME 3 LIONS ESSENCE COCO;6043000021082;;BOUTEILLE;400,00;5;9,00;0,00;0,00;0,00;0,00;0;0;271
651;AROME 3 LIONS ESSENCE BANANE;6043000021075;;BOUTEILLE;400,00;5;12,00;0,00;0,00;0,00;0,00;0;0;271
652;MOUCHOIR LE MERITE DU FASO;;;PAQUET;750,00;5;30,00;0,00;0,00;0,00;0,00;0;0;633
653;VITA MILK 300ML;8851028000631;;BOUTEILLE;600,00;5;17,00;0,00;0,00;0,00;0,00;0;0;542
654;TORCHON CARRELÉ;;;UNITE;500,00;5;14,00;0,00;0,00;0,00;0,00;0;0;292
655;EAU IDEALE SACHET DE 25F PQ;;;PAQUET;500,00;5;19,00;0,00;0,00;0,00;0,00;0;0;455
656;FANTA 0,5L PAQUET;;;PAQUET;4 500,00;5;3,00;0,00;2,00;0,00;0,00;0;0;4300
657;COCA 0,5L PAQUET;;;PAQUET;4 500,00;5;5,00;0,00;2,00;0,00;0,00;0;0;4300
658;SPRITE 33CL;5449000014535;;CANNETTE;400,00;5;13,00;0,00;24,00;0,00;0,00;0;0;302
659;TROPI GOYAVE;8935048607312;;CANNETTE;400,00;5;25,00;0,00;0,00;0,00;0,00;0;0;333
660;TROPI TAMARIN;8935048607350;;CANNETTE;400,00;5;26,00;0,00;0,00;0,00;0,00;0;0;333
661;TROPI MANGUE;8935048607305;;CANNETTE;400,00;5;8,00;0,00;0,00;0,00;0,00;0;0;333
662;3X ENERGY 250ML;8402310198125;;CANNETTE;400,00;10;30,00;0,00;48,00;0,00;0,00;0;0;365
663;BISCUITS POTATA D;840205716890;;STICK;50,00;5;40,00;0,00;0,00;0,00;0,00;0;0;39
664;BISCUITS POTATA EPICÉ;840205714582;;STICK;50,00;5;50,00;0,00;0,00;0,00;0,00;0;0;41
665;SAVON LE CHAT DE 125G D;;;UNITE;500,00;5;12,00;0,00;0,00;0,00;0,00;0;0;488
666;RIZ ROYAL FAMILY 25KG;;;SAC;14 750,00;2;0,00;0,00;0,00;0,00;0,00;0;0;13750
667;BON RIZ DE 25KG;;;SAC;11 500,00;2;3,00;0,00;0,00;0,00;0,00;0;0;10750
668;RIZ ROYAL SALAMI DE 5KG;8936144481493;;SAC;4 750,00;2;2,00;0,00;0,00;0,00;0,00;0;0;3800
669;RIZ FALCOM DE 50KG;;;SAC;21 250,00;2;2,00;0,00;0,00;0,00;0,00;0;0;20500
670;RIZ CINDY 5 KG;6034000179002;;SAC;5 000,00;2;3,00;0,00;0,00;0,00;0,00;0;0;4000
671;RIZ TILEMSI DE 50KG;;;SAC;21 000,00;5;0,00;0,00;0,00;0,00;0,00;0;0;20000
672;EAU BABALI SACHET PQ;;;PAQUET;1 000,00;5;22,00;0,00;0,00;0,00;0,00;0;0;800
673;SUCRE BLOND SOSUCO;;;PAQUET;800,00;5;0,00;0,00;0,00;0,00;0,00;0;0;780
674;DEO BLACK WHITE;8999777010881;;BOUTEILLE;1 750,00;5;6,00;0,00;0,00;0,00;0,00;0;0;1350
675;DEO PEARL&BEAUTY;8999777010973;;BOUTEILLE;1 750,00;5;6,00;0,00;0,00;0,00;0,00;0;0;1350
676;DEO NIVEA BLACK;8999777006259;;BOUTEILLE;1 750,00;5;5,00;0,00;0,00;0,00;0,00;0;0;1350
677;DEO NIVEA PEARL;4005900376978;;BOUTEILLE;1 750,00;5;6,00;0,00;0,00;0,00;0,00;0;0;1350
678;DEO NIVEA WHITE;8999777004354;;BOUTEILLE;1 750,00;5;6,00;0,00;0,00;0,00;0,00;0;0;1350
679;DEO HYAB SOFT;8999777017620;;BOUTEILLE;1 750,00;5;2,00;0,00;0,00;0,00;0,00;0;0;1350
680;DEO SILVER PROTECT;8999777004613;;BOUTEILLE;1 750,00;5;2,00;0,00;0,00;0,00;0,00;0;0;1350
681;DEO DEEP;4005900663863;;BOUTEILLE;1 750,00;5;6,00;0,00;0,00;0,00;0,00;0;0;1350
682;DEO FREST SENSATION;4006000015798;;BOUTEILLE;1 750,00;5;6,00;0,00;0,00;0,00;0,00;0;0;1350
683;DEO FRESH ENERGY;4005900121707;;BOUTEILLE;1 750,00;5;6,00;0,00;0,00;0,00;0,00;0;0;1350
684;DEO DRY IMPACT;4005900088413;;BOUTEILLE;1 750,00;5;3,00;0,00;0,00;0,00;0,00;0;0;1350
685;DEO PEARL;4005900376978;;BOUTEILLE;1 750,00;5;7,00;0,00;0,00;0,00;0,00;0;0;1350
686;DEO FRESH SENSATION;4006000015798;;BOUTEILLE;1 750,00;5;5,00;0,00;0,00;0,00;0,00;0;0;1350
687;DEO HYAB FRESH;8999777015893;;BOUTEILLE;1 750,00;5;1,00;0,00;0,00;0,00;0,00;0;0;1350
688;MAXON XL;6133414003115;;PAQUET;1 250,00;5;1,00;0,00;0,00;0,00;0,00;0;0;967
689;MEGA DREAM PALMARY BISCUITS FOURRÉS A LA CREME;6133414001166;;PAQUET;1 100,00;5;7,00;0,00;0,00;0,00;0,00;0;0;967
690;BONBON TAMARIN;8906048731666;;PAQUET;1 000,00;5;5,00;0,00;0,00;0,00;0,00;0;0;900
691;BONBON TAMARIN DETAIL;;;PAIRE;25,00;20;184,00;0,00;0,00;0,00;0,00;0;0;12
692;BISCUITS CREAMS CHOCOLATE;8901972058131;;UNITE;125,00;5;1,00;0,00;0,00;0,00;0,00;0;0;94
693;BISCUIT  BOURBON;8901972082532;;UNITE;100,00;5;7,00;0,00;0,00;0,00;0,00;0;0;80
694;BISCUIT BOURBON 24;8902335008985;;PAQUET;500,00;5;1,00;0,00;0,00;0,00;0,00;0;0;417
695;CREAM 4 FUN;8901972060189;;PAQUET;500,00;5;34,00;0,00;0,00;0,00;0,00;0;0;333
696;HELLO BANANA FLAVOR D;8904286203761;;UNITE;100,00;5;9,00;0,00;0,00;0,00;0,00;0;0;78
697;HELLO BANANA FLAVOR PQ;;;PAQUET;500,00;5;4,00;0,00;0,00;0,00;0,00;0;0;469
698;HELLO CHOCOLATE;8904286203730;;UNITE;100,00;5;7,00;0,00;0,00;0,00;0,00;0;0;78
699;HELLO CHOCOLATE PQ;;;PAQUET;500,00;5;-1,00;0,00;0,00;0,00;0,00;0;0;469
700;BONBON POPS;;;PAQUET;1 000,00;5;-1,00;0,00;0,00;0,00;0,00;0;0;875
701;BONBON POPS D;;;UNITE;50,00;5;210,00;0,00;0,00;0,00;0,00;0;0;18
702;FREEGELLS STRONG PQ;7891151039789;;PAQUET;1 500,00;5;6,00;0,00;0,00;0,00;0,00;0;0;889
703;FREEGELLS STRONG D;7891151039772;;STICK;150,00;5;42,00;0,00;0,00;0,00;0,00;0;0;74
704;FREEGELLS CITRUS;7891151039680;;PAQUET;1 500,00;5;6,00;0,00;0,00;0,00;0,00;0;0;889
705;FREEGELLS CITRUS D;7891151039673;;STICK;150,00;5;37,00;0,00;0,00;0,00;0,00;0;0;74
706;FREEGELLLS MENTHOL PQ;7891151039802;;PAQUET;1 500,00;5;6,00;0,00;0,00;0,00;0,00;0;0;889
707;FREEGELLS MENTHOL D;7891151039796;;UNITE;150,00;5;44,00;0,00;0,00;0,00;0,00;0;0;74
708;NESCAFÉ STICK;6181002002095;;STICK;50,00;10;63,00;0,00;0,00;0,00;0,00;0;0;43
709;GATEAU PATISSERIE 100;;;UNITE;100,00;5;11,00;0,00;0,00;0,00;0,00;0;0;83
710;GATEAU PATISSERIE 200;;;UNITE;200,00;5;18,00;0,00;0,00;0,00;0,00;0;0;167
711;GATEAU PATISSERIE 50;;;UNITE;50,00;5;5,00;0,00;0,00;0,00;0,00;0;0;42
712;LAIT COCO PULP;6181100530315;;BIDON;1 500,00;5;2,00;0,00;0,00;0,00;0,00;0;0;1300
713;LAIT DAY BY DAY;6181100533729;;BIDON;1 000,00;2;-2,00;0,00;0,00;0,00;0,00;0;0;700
714;LAIT PALMES COCOA;6181100454079;;BIDON;1 250,00;2;1,00;0,00;0,00;0,00;0,00;0;0;950
715;LAIT DE BEAUTÉ PALMES HUILE DE CARROTTE 500ML;6181100456684;;UNITE;1 250,00;2;3,00;0,00;0,00;0,00;0,00;0;0;950
716;LAIT AVOVITA MOYEN;6186000077229;;BIDON;900,00;2;3,00;0,00;0,00;0,00;0,00;0;0;700
717;LAIT AVOVITA GROS;6186000077212;;BIDON;1 300,00;2;2,00;0,00;0,00;0,00;0,00;0;0;1000
718;LAIT DE BEAUTÉ EVER SHEEN COCO BUTTER DE 750ML;6186000077649;;UNITE;1 750,00;2;4,00;0,00;0,00;0,00;0,00;0;0;1450
719;LAIT JAUNE D ŒUF MOYEN;6186000299751;;BIDON;1 250,00;2;2,00;0,00;0,00;0,00;0,00;0;0;1000
720;LAIT ELCLAIRCISSANT PURE WHITE DE 400ML;6043000035300;;UNITE;2 000,00;2;3,00;0,00;0,00;0,00;0,00;0;0;1700
721;CARRO PAA GROS;6033000171474;;BOITE;1 000,00;2;3,00;0,00;0,00;0,00;0,00;0;0;800
722;CREAM COCO PAA GROS;6033000170002;;BOITE;1 000,00;2;1,00;0,00;0,00;0,00;0,00;0;0;800
723;CARO WHITE MOYEN;6181100530056;;UNITE;1 100,00;2;4,00;0,00;0,00;0,00;0,00;0;0;850
724;LAIT EVER SHEEN MOYEN;6186000077410;;BIDON;1 300,00;2;0,00;0,00;0,00;0,00;0,00;0;0;1100
725;CIRE D'ABEILLE 300ML;6186000299508;;UNITE;1 250,00;2;1,00;0,00;0,00;0,00;0,00;0;0;1000
726;CREAM COCO PULP GROS;6181100530339;;BOITE;1 600,00;2;3,00;0,00;0,00;0,00;0,00;0;0;1350
727;LAIT SOLEIL PROTECT 300ML;6186000460328;;UNITE;1 250,00;2;1,00;0,00;0,00;0,00;0,00;0;0;1000
728;LAIT SOLEIL PROTECT GROS;6186000460915;;BIDON;1 500,00;2;0,00;0,00;0,00;0,00;0,00;0;0;1250
729;LAIT CLARIFIANT BELLE VIE DE 475ML;6181100548648;;UNITE;1 800,00;2;2,00;0,00;0,00;0,00;0,00;0;0;1500
730;NIVEA RADIANT;4005900925046;;BIDON;2 500,00;2;3,00;0,00;0,00;0,00;0,00;0;0;2250
731;NIVEA AVOCAT;4005900925022;;BIDON;3 000,00;2;2,00;0,00;0,00;0,00;0,00;0;0;2500
732;NIVEA COCO GROS;4005900593429;;BIDON;2 500,00;2;3,00;0,00;0,00;0,00;0,00;0;0;2000
733;NIVEA COCO PETIT;4005900369581;;BIDON;1 750,00;2;6,00;0,00;0,00;0,00;0,00;0;0;1350
734;NIVEA CITRON;4005900925046;;BIDON;3 000,00;2;3,00;0,00;0,00;0,00;0,00;0;0;2500
735;NIVEA PERFECT;4005900378606;;BIDON;2 500,00;2;2,00;0,00;0,00;0,00;0,00;0;0;2250
736;VITAMIN WHITE GOLD;6186000113002;;BIDON;1 600,00;2;3,00;0,00;0,00;0,00;0,00;0;0;1250
737;VITAMIN WHITE LAIT COCKTAIL 450ML;6186000460656;;UNITE;1 750,00;2;3,00;0,00;0,00;0,00;0,00;0;0;1250
738;LAIT WHITE SECRET 300ML;6028050090288;;UNITE;1 500,00;2;1,00;0,00;0,00;0,00;0,00;0;0;1100
739;LAIT WHITE SECRET 500ML;6028050098819;;UNITE;2 250,00;2;2,00;0,00;0,00;0,00;0,00;0;0;1750
740;GEL DE DOUCHE EVER SHEEN G;;;BIDON;1 750,00;2;2,00;0,00;0,00;0,00;0,00;0;0;1500
741;LAIT JAUNE D ŒUF GROS;6186000460144;;BIDON;1 500,00;2;1,00;0,00;0,00;0,00;0,00;0;0;1250
742;LAIT LEMON CLEAR 500ML;6043000030565;;UNITE;1 750,00;2;1,00;0,00;0,00;0,00;0,00;0;0;1500
744;GLUTA WHITE LAIT CLARIFIANT ANTI AGE  250ML;6182000127339;;UNITE;1 600,00;2;1,00;0,00;0,00;0,00;0,00;0;0;1350
745;LAIT LIGHT UP 400ML;6043000036963;;UNITE;1 750,00;2;3,00;0,00;0,00;0,00;0,00;0;0;1400
746;LAIT AFRICA QUEEN G;6181100313376;;BIDON;1 250,00;2;2,00;0,00;0,00;0,00;0,00;0;0;1000
747;CITRO LIGHT 300ML;6181100532692;;UNITE;1 100,00;2;1,00;0,00;0,00;0,00;0,00;0;0;900
748;GEL LEMON CLEAR MELANGE G;6043000038653;;BIDON;3 000,00;2;2,00;0,00;0,00;0,00;0,00;0;0;2500
749;GEL DE DOUCHE LEMON CLEAR G;6043000038639;;BIDON;3 000,00;2;3,00;0,00;0,00;0,00;0,00;0;0;2500
750;GEL DOUCHE LEMON CLEAR P;6043000038646;;BIDON;1 500,00;2;3,00;0,00;0,00;0,00;0,00;0;0;1250
751;GEL DOUCHE LEMON CLEAR SP;6043000038622;;BIDON;1 500,00;2;3,00;0,00;0,00;0,00;0,00;0;0;1250
752;GEL DOUCHE PERFECT WHITE G;6181100533118;;BIDON;1 750,00;2;4,00;0,00;0,00;0,00;0,00;0;0;1400
753;GEL DOUCHE SOLEIL PROTECT;6186000460960;;BIDON;1 500,00;2;0,00;0,00;0,00;0,00;0,00;0;0;1100
754;GEL DOUCHE RICH PURE;6182000128978;;BIDON;1 750,00;2;3,00;0,00;0,00;0,00;0,00;0;0;1500
755;GEL DOUCHE GLUTA WHITE;6182000125779;;BIDON;1 750,00;2;-1,00;0,00;0,00;0,00;0,00;0;0;1500
756;GEL DOUCHE BB SUISSE;6182000128817;;BIDON;1 000,00;2;1,00;0,00;0,00;0,00;0,00;0;0;750
757;GEL DOUCHE EFFIMAX;6182000132807;;BIDON;1 500,00;2;6,00;0,00;0,00;0,00;0,00;0;0;1200
758;LAIT DE BEAUTÉ CARO WHITE 300ML;6181100530018;;UNITE;1 100,00;2;3,00;0,00;0,00;0,00;0,00;0;0;850
759;BRONZ TONE 300ML;6181100248296;;UNITE;1 750,00;2;3,00;0,00;0,00;0,00;0,00;0;0;1350
760;CREME EVER SHEEN P;;;BOITE;600,00;2;2,00;0,00;0,00;0,00;0,00;0;0;500
761;CREME EVER SHEEN G;;;BOITE;1 250,00;2;1,00;0,00;0,00;0,00;0,00;0;0;1100
762;CARRO PAA PETIT;6033000171498;;BOITE;600,00;2;5,00;0,00;0,00;0,00;0,00;0;0;375
763;COCO PAA PETIT;6033000170026;;BOITE;600,00;2;4,00;0,00;0,00;0,00;0,00;0;0;375
764;CREME AVOVITA G;6186000077113;;BOITE;850,00;2;6,00;0,00;0,00;0,00;0,00;0;0;650
765;CREME AVOVITA P;6186000077137;;BOITE;600,00;2;6,00;0,00;0,00;0,00;0,00;0;0;375
766;CREME LEMON PAA M;6033000170934;;BOITE;800,00;2;4,00;0,00;0,00;0,00;0,00;0;0;550
767;CREME AVOVITA MOYEN;6186000077120;;BOITE;800,00;2;5,00;0,00;0,00;0,00;0,00;0;0;650
768;CREME AVOVITA GROS;6186000077113;;BOITE;1 300,00;2;2,00;0,00;0,00;0,00;0,00;0;0;1100
769;CREME CAROTONE P;6182000100486;;BOITE;600,00;2;6,00;0,00;0,00;0,00;0,00;0;0;375
770;SHAMPOOING VITAL G;6181100326109;;BIDON;1 500,00;2;0,00;0,00;0,00;0,00;0,00;0;0;975
771;SHAMPOOING REFLET G;6181100322354;;BIDON;1 500,00;2;1,00;0,00;0,00;0,00;0,00;0;0;975
772;GEL DOUCHE BABY WHITE ROSE;6957644512540;;BIDON;2 250,00;2;1,00;0,00;0,00;0,00;0,00;0;0;2000
773;LAIT BABY WHITE JAUNE;6957644531244;;BIDON;2 500,00;2;1,00;0,00;0,00;0,00;0,00;0;0;2000
774;LAIT BABY WHITE ROSE;;;BIDON;2 500,00;2;2,00;0,00;0,00;0,00;0,00;0;0;2000
775;VASELINE PEROLEUM;6181100233469;;BOUTEILLE;500,00;2;5,00;0,00;0,00;0,00;0,00;0;0;400
776;POMMADE HYDRAT PLUS;6181100329018;;BOITE;650,00;2;5,00;0,00;0,00;0,00;0,00;0;0;450
777;POMMADE DAY BY DAY MENTHE;6181100534177;;BOITE;650,00;2;6,00;0,00;0,00;0,00;0,00;0;0;450
778;POMMADE HYDRAT;6181100324471;;BOITE;650,00;2;2,00;0,00;0,00;0,00;0,00;0;0;450
779;POMMADE MAIA;9506000135120;;BOITE;1 000,00;2;8,00;0,00;0,00;0,00;0,00;0;0;800
780;CREME BIOLIGHT MOYEN;6181100531190;;BOITE;1 100,00;2;4,00;0,00;0,00;0,00;0,00;0;0;850
781;SHAMPOOING DOP;6181100106534;;BIDON;600,00;2;18,00;0,00;0,00;0,00;0,00;0;0;300
782;CREME COCOA BUTTER;6186000077014;;BOITE;1 500,00;2;3,00;0,00;0,00;0,00;0,00;0;0;1250
783;CREME COCOA BUTTER MOYEN;6186000077021;;BOITE;1 000,00;2;4,00;0,00;0,00;0,00;0,00;0;0;750
784;CREME COCOA BUTTER P;6186000077038;;BOITE;500,00;2;5,00;0,00;0,00;0,00;0,00;0;0;425
785;PHILOBACT SKIN CREAM;;;UNITE;600,00;2;4,00;0,00;0,00;0,00;0,00;0;0;425
786;FEVICID;;;UNITE;500,00;2;2,00;0,00;0,00;0,00;0,00;0;0;425
787;SAVON PHILOBACT;6181100520477;;UNITE;500,00;2;2,00;0,00;0,00;0,00;0,00;0;0;300
788;SAVON FECIVID;;;UNITE;500,00;2;5,00;0,00;0,00;0,00;0,00;0;0;300
789;SAVON CURCUMA;6186000128525;;UNITE;500,00;2;6,00;0,00;0,00;0,00;0,00;0;0;300
790;SAVON JAUNE D ŒUF;6186000460342;;UNITE;500,00;2;10,00;0,00;0,00;0,00;0,00;0;0;300
791;SAVON TJRS JEUNE;6186000189250;;UNITE;500,00;2;1,00;0,00;0,00;0,00;0,00;0;0;300
792;SAVON 2 JOURS PROPRE;6186000188055;;UNITE;600,00;2;8,00;0,00;0,00;0,00;0,00;0;0;350
793;SAVON SUPER GRACE;;;UNITE;500,00;2;6,00;0,00;0,00;0,00;0,00;0;0;300
794;SAVON GLUTA WHITE;6182000123492;;UNITE;800,00;2;6,00;0,00;0,00;0,00;0,00;0;0;650
795;SAVON SIVODERME BEAUTÉ;6181100323160;;UNITE;800,00;2;0,00;0,00;0,00;0,00;0,00;0;0;600
796;SAVON SIVODERME DOUCEUR;6181100325461;;UNITE;800,00;2;3,00;0,00;0,00;0,00;0,00;0;0;650
797;SAVON BAYIRI;735745149508;;UNITE;1 000,00;2;1,00;0,00;0,00;0,00;0,00;0;0;850
798;SAVON EVER SHEEN;6186000077540;;UNITE;800,00;2;5,00;0,00;0,00;0,00;0,00;0;0;650
799;SAVON SUN PROTECT;6186000460571;;UNITE;500,00;2;1,00;0,00;0,00;0,00;0,00;0;0;300
800;SAVON CARO WHITE;6181100530094;;UNITE;600,00;2;6,00;0,00;0,00;0,00;0,00;0;0;425
801;SAVON IDOLE;674571000204;;UNITE;800,00;2;4,00;0,00;0,00;0,00;0,00;0;0;600
802;SAVON CITRON CLEAR;6181100236484;;UNITE;750,00;2;6,00;0,00;0,00;0,00;0,00;0;0;550
803;SAVON MITRACA;;;UNITE;1 000,00;2;1,00;0,00;0,00;0,00;0,00;0;0;800
804;SAVON PAW-PAW;6181100536522;;UNITE;700,00;2;3,00;0,00;0,00;0,00;0,00;0;0;450
805;SAVON DUDU-OSUN;6156000043821;;UNITE;700,00;2;3,00;0,00;0,00;0,00;0,00;0;0;450
806;RIZ DINOR ROUGE 5×5;6181100229448;;SAC;5 500,00;2;5,00;0,00;0,00;0,00;0,00;0;0;5100
807;HUILE CLARIFIANTE BIOLIGHT;6181100531619;;BIDON;500,00;2;6,00;0,00;0,00;0,00;0,00;0;0;300
808;HUILE CLARIFIANTE COCOPULP;6181100532944;;BIDON;500,00;2;3,00;0,00;0,00;0,00;0,00;0;0;300
809;HUILE CLARIFIANTE MEGA WHITE;6182000132081;;BIDON;600,00;2;6,00;0,00;0,00;0,00;0,00;0;0;375
810;HUILE CLARIFIANTE BRAVIA;6182000130407;;BIDON;600,00;2;4,00;0,00;0,00;0,00;0,00;0;0;375
811;HUILE CLARIFIANTE PAW-PAW;6181100536515;;BIDON;600,00;2;5,00;0,00;0,00;0,00;0,00;0;0;350
812;HUILE CLARIFIANTE CARO WHITE;6181100530070;;BIDON;500,00;2;5,00;0,00;0,00;0,00;0,00;0;0;300
813;HUILE CLARIFIANTE LEMON CLEAR;6043000039407;;BIDON;650,00;2;3,00;0,00;0,00;0,00;0,00;0;0;475
814;HUILE CLARIFIANTE PURE WHITE;6043000039223;;BIDON;750,00;2;4,00;0,00;0,00;0,00;0,00;0;0;475
816;HUILE CLARIFIANTE CITRO CLEAR;6182000100097;;BIDON;750,00;2;4,00;0,00;0,00;0,00;0,00;0;0;500
817;CREME DEPILATOIRE SIVODERM;6181100320275;;UNITE;1 000,00;2;2,00;0,00;0,00;0,00;0,00;0;0;750
818;GEL ULTRA BEAUTY;6181100324822;;BOITE;400,00;2;5,00;0,00;0,00;0,00;0,00;0;0;200
819;WAVE STYLE UP;6033000171276;;BOITE;1 000,00;2;6,00;0,00;0,00;0,00;0,00;0;0;750
820;SULFUR-18;6181100321104;;BOITE;650,00;2;6,00;0,00;0,00;0,00;0,00;0;0;450
821;POUDRE SULFUR-18;6181100321821;;BIDON;500,00;2;5,00;0,00;0,00;0,00;0,00;0;0;333
822;DEFRISANT OPTIMAL;6182000134382;;BOITE;600,00;2;6,00;0,00;0,00;0,00;0,00;0;0;400
823;DEFRISANT UB;6181100230017;;BOITE;600,00;2;3,00;0,00;0,00;0,00;0,00;0;0;400
824;SAVON MIA MISS CAROTTE;;;UNITE;500,00;2;6,00;0,00;0,00;0,00;0,00;0;0;275
825;SAVON MIA MISS CITRONEL;;;UNITE;500,00;2;3,00;0,00;0,00;0,00;0,00;0;0;275
826;DEO FRENCH STYLE H;3546200000565;;BOUTEILLE;1 750,00;2;0,00;0,00;0,00;0,00;0,00;0;0;1350
827;DEO MADEMOISELLE;6130271003135;;BOUTEILLE;1 500,00;2;2,00;0,00;0,00;0,00;0,00;0;0;1250
828;LUNE D,ETÉ;6182000130797;;BIDON;750,00;2;6,00;0,00;0,00;0,00;0,00;0;0;400
829;LOMANI;6182000130698;;BIDON;750,00;2;3,00;0,00;0,00;0,00;0,00;0;0;400
830;EAU DE ROCHE 70°;;;BIDON;500,00;2;7,00;0,00;0,00;0,00;0,00;0;0;333
831;PARFUN INCIDENCE HP;6181100329391;;UNITE;700,00;2;4,00;0,00;0,00;0,00;0,00;0;0;425
832;PARFUM INCIDENCE ROSE P;6181100329384;;UNITE;700,00;2;6,00;0,00;0,00;0,00;0,00;0;0;425
833;PARFUM AMAZONA;6181100315585;;BOUTEILLE;1 000,00;2;0,00;0,00;0,00;0,00;0,00;0;0;850
834;PARFUM MISTER PERFECT;6182000123652;;UNITE;2 500,00;2;2,00;0,00;0,00;0,00;0,00;0;0;2000
835;SAVON VISAGE COLLAGEN;8859159200418;;UNITE;500,00;2;3,00;0,00;0,00;0,00;0,00;0;0;300
836;SAVON VISAGE RICE MILK;8858891600715;;UNITE;500,00;2;10,00;0,00;0,00;0,00;0,00;0;0;300
837;BLACK HAIR SHAMPOO;6926213000900;;UNITE;200,00;2;10,00;0,00;0,00;0,00;0,00;0;0;85
838;BLACK HAIR SHAMPOO PQ;6926213009000;;PAQUET;1 500,00;2;-1,00;0,00;0,00;0,00;0,00;0;0;850
839;DEO ACTIVE MAN;6291100171255;;UNITE;1 500,00;2;2,00;0,00;0,00;0,00;0,00;0;0;1250
840;DEO DOLBY;6291100171262;;UNITE;1 500,00;2;0,00;0,00;0,00;0,00;0,00;0;0;1250
841;DEO LET S IMAGINE;6291100171279;;UNITE;1 500,00;2;1,00;0,00;0,00;0,00;0,00;0;0;1250
842;DEO DIAMANT BLEU;6130227010409;;UNITE;1 500,00;2;0,00;0,00;0,00;0,00;0,00;0;0;1250
843;DEO DIAMANT NOIR;6130271002824;;UNITE;1 500,00;2;1,00;0,00;0,00;0,00;0,00;0;0;1250
844;DEO DIAMANT BLANC;6130271010416;;UNITE;1 500,00;2;2,00;0,00;0,00;0,00;0,00;0;0;1250
845;HUILE ECLAIRCISSANTE LALALA G;1023745841645;;BOUTEILLE;3 000,00;2;2,00;0,00;0,00;0,00;0,00;0;0;2500
846;HUILE ECLAIRCISSANTE LALALA P;1023745841652;;BOUTEILLE;2 000,00;2;2,00;0,00;0,00;0,00;0,00;0;0;1600
847;DEO HUG;6156000070247;;UNITE;1 500,00;2;2,00;0,00;0,00;0,00;0,00;0;0;1250
848;DEO EMBRACE;6156000070155;;UNITE;1 250,00;2;1,00;0,00;0,00;0,00;0,00;0;0;1000
849;CLASS WANT YOU;6182000128282;;BOUTEILLE;1 500,00;2;3,00;0,00;0,00;0,00;0,00;0;0;1150
850;CLASS VIE;6182000128312;;BOUTEILLE;1 500,00;2;3,00;0,00;0,00;0,00;0,00;0;0;1150
851;CLASS MONSIEUR;6182000115435;;BOUTEILLE;1 500,00;2;2,00;0,00;0,00;0,00;0,00;0;0;1150
852;PARFUM CAMELIA;6181100312003;;BOUTEILLE;1 000,00;2;0,00;0,00;0,00;0,00;0,00;0;0;800
853;PARFUM BOSS ORANGE;6291207008492;;BOUTEILLE;3 500,00;2;0,00;0,00;0,00;0,00;0,00;0;0;3000
854;PARFUM TOM FORD;6291207008560;;BOUTEILLE;3 500,00;2;2,00;0,00;0,00;0,00;0,00;0;0;3000
855;PARFUM MISTER PERFECT G;6182000104255;;BOUTEILLE;2 500,00;2;4,00;0,00;0,00;0,00;0,00;0;0;2000
856;CIRAGE KIWI NEUTRAL;6001298959951;;BOITE;750,00;2;7,00;0,00;0,00;0,00;0,00;0;0;500
857;CIRAGE KIWI BROWN;6001298488994;;BOITE;750,00;2;10,00;0,00;0,00;0,00;0,00;0;0;500
858;DEEDS BLANC;;;UNITE;500,00;2;3,00;0,00;0,00;0,00;0,00;0;0;375
859;DEEDS ROUGE;8906124153290;;UNITE;500,00;2;4,00;0,00;0,00;0,00;0,00;0;0;375
860;DEEDS BLEU;8906124152583;;UNITE;500,00;2;3,00;0,00;0,00;0,00;0,00;0;0;375
861;TIKTOK ORANGE;6034000590135;;UNITE;100,00;5;0,00;0,00;0,00;0,00;0,00;0;0;79
862;DEO MISTER PERFECT;6182000123652;;UNITE;1 250,00;2;3,00;0,00;0,00;0,00;0,00;0;0;1000
863;BISCUITS CRACKERS;8410376014051;;BOITE;1 500,00;5;18,00;0,00;0,00;0,00;0,00;0;0;625
864;EBALLFLY;;;UNITE;250,00;2;6,00;0,00;0,00;0,00;0,00;0;0;166
865;BROSSE A CIRER BOIS;;;UNITE;500,00;2;5,00;0,00;0,00;0,00;0,00;0;0;333
866;BROSSE A CIRER  BOIS COULEUR;;;UNITE;250,00;2;8,00;0,00;0,00;0,00;0,00;0;0;125
867;BROSSE A CIRER PLASTIC GROS;;;UNITE;500,00;2;10,00;0,00;0,00;0,00;0,00;0;0;375
868;BROSSE A LAVER EN BOIS;;;UNITE;500,00;2;6,00;0,00;0,00;0,00;0,00;0;0;250
869;BROSSE A LAVER PLASTIC;;;UNITE;600,00;2;3,00;0,00;0,00;0,00;0,00;0;0;375
870;DEO LA VIE EN ROSE;6130271003081;;UNITE;1 500,00;2;2,00;0,00;0,00;0,00;0,00;0;0;1250
871;VIANDE SÉCHÉE;;;SACHET;400,00;2;21,00;0,00;0,00;0,00;0,00;0;0;500
872;GOMBO SEC EN POUDRE 250G;;;SACHET;1 500,00;2;5,00;0,00;0,00;0,00;0,00;0;0;1250
873;GOMBO SEC EN POUDRE 500G;;;SACHET;2 500,00;2;5,00;0,00;0,00;0,00;0,00;0;0;2250
874;GOMBO SEC EN POUDRE 1KG;;;SACHET;4 500,00;2;1,00;0,00;0,00;0,00;0,00;0;0;4000
875;SUPER TCHONGON;;;SACHET;500,00;5;11,00;0,00;0,00;0,00;0,00;0;0;417
876;BROSSE A APPLIQUER CIRAGE;;;UNITE;250,00;2;2,00;0,00;0,00;0,00;0,00;0;0;166
877;FANTA ETOILE PQ;;;PAQUET;1 800,00;2;0,00;0,00;0,00;0,00;0,00;0;0;1600
878;FANTA MELO PQ;;;PAQUET;1 750,00;2;0,00;0,00;0,00;0,00;0,00;0;0;1500
879;DAFANI MANGUE GOYAVE 1L;9504000004125;;UNITE;1 100,00;5;-1,00;0,00;0,00;0,00;0,00;0;0;967
880;MALIA MANGO-ORANGE 0,5L;6186000504091;;UNITE;750,00;5;5,00;0,00;0,00;0,00;0,00;0;0;563
881;ENERGY VANDAM;0710497548151;;CANETTE;400,00;5;43,00;0,00;120,00;0,00;0,00;0;0;225
882;SPAGHETTI MAMAN 190G;6181100093209;;UNITE;250,00;10;40,00;0,00;0,00;0,00;0,00;0;0;131
883;SPAGHETTI MAMAN 200G PQ;;;CARTON;7 600,00;2;2,00;0,00;4,00;0,00;0,00;0;0;7250
884;MALIA MANGUE 0,5L;6186000504015;;UNITE;750,00;5;-2,00;0,00;0,00;0,00;0,00;0;0;563
885;PIPPO GRAPE;6033000520166;;UNITE;150,00;5;24,00;0,00;0,00;0,00;0,00;0;0;73
886;PIPPO ANANAS;6034000590579;;UNITE;150,00;5;-7,00;0,00;0,00;0,00;0,00;0;0;73
887;PIPPO ORANGE;6034000590555;;UNITE;150,00;5;10,00;0,00;0,00;0,00;0,00;0;0;73
888;PAIN DE SINGE NATUREL;;;SACHET;600,00;2;0,00;0,00;0,00;0,00;0,00;0;0;500
889;PAIN DE SINGE AU FRAISE;;;SACHET;600,00;2;0,00;0,00;0,00;0,00;0,00;0;0;500
890;PAIN DE SINGE;;;SACHET;600,00;2;0,00;0,00;0,00;0,00;0,00;0;0;500
891;TETE DE LOUP;;;UNITE;1 250,00;5;10,00;0,00;0,00;0,00;0,00;0;0;792
892;MIEL SOFOOD 1000G;;;BIDON;4 500,00;2;3,00;0,00;0,00;0,00;0,00;0;0;3750
893;MIEL SOFOOD 500G;;;BIDON;2 250,00;2;3,00;0,00;0,00;0,00;0,00;0;0;2000
894;MIEL SOFOOD 330G;;;BIDON;1 250,00;2;5,00;0,00;0,00;0,00;0,00;0;0;1000
895;MIEL SOFOOD 250G;;;BIDON;1 000,00;5;3,00;0,00;0,00;0,00;0,00;0;0;800
896;MIEL SOFOOD 125G;;;POT;750,00;5;7,00;0,00;0,00;0,00;0,00;0;0;500
897;MIEL SOFOOD ENTIER 500G;;;POT;4 000,00;2;2,00;0,00;0,00;0,00;0,00;0;0;3500
898;MIEL SOFOOD ENTIER 300G;;;POT;3 500,00;2;3,00;0,00;0,00;0,00;0,00;0;0;3000
899;HUILE D’ ARACHIDE 1L;;;BIDON;2 500,00;2;2,00;0,00;0,00;0,00;0,00;0;0;2000
900;HUILE D’ ARACHIDE 0,5L;;;BIDON;1 250,00;2;3,00;0,00;0,00;0,00;0,00;0;0;1000
901;HUILE D’ ARACHIDE 0,33L;;;BIDON;850,00;2;3,00;0,00;0,00;0,00;0,00;0;0;700
902;HUILE D’ ARACHIDE 0,25L;;;BIDON;650,00;2;2,00;0,00;0,00;0,00;0,00;0;0;500
903;FARINE DE MAÏS 20KG;;;SAC;13 500,00;2;1,00;0,00;0,00;0,00;0,00;0;0;12500
904;VIN CAPITOR INTENSE;3211200265084;;BOUTEILLE;8 500,00;2;6,00;0,00;0,00;0,00;0,00;0;0;6507
905;VIN CAPITOR RED;3211209284338;;BOUTEILLE;8 750,00;2;5,00;0,00;0,00;0,00;0,00;0;0;6732
906;BARON D’ ORCEL ROUGE;3211200033607;;BOUTEILLE;5 000,00;2;6,00;0,00;0,00;0,00;0,00;0;0;3197
907;ICE CUVÉE BLANCHE;3211200024834;;BOUTEILLE;11 000,00;2;6,00;0,00;0,00;0,00;0,00;0;0;9145
908;VIN GRENACHE;3211209117841;;BOUTEILLE;7 750,00;2;5,00;0,00;0,00;0,00;0,00;0;0;5722
909;CABERNET SAUVIGNON;3211201046439;;BOUTEILLE;8 000,00;2;2,00;0,00;0,00;0,00;0,00;0;0;6171
910;COTES DU RHONE;3211201046644;;BOUTEILLE;8 500,00;2;4,00;0,00;0,00;0,00;0,00;0;0;6507
911;MERLOT;3211201046460;;BOUTEILLE;8 000,00;2;4,00;0,00;0,00;0,00;0,00;0;0;6171
912;CASTEL SYRAH;3211201046491;;BOUTEILLE;7 500,00;2;5,00;0,00;0,00;0,00;0,00;0;0;5722
913;CHARDONNARY;3211209194507;;BOUTEILLE;8 000,00;2;3,00;0,00;0,00;0,00;0,00;0;0;6090
914;ARACHIDES SALÉS GROS;;;UNITE;500,00;5;4,00;0,00;0,00;0,00;0,00;0;0;400
915;ARACHIDES SUCRÉS GROS;;;SACHET;500,00;5;-2,00;0,00;0,00;0,00;0,00;0;0;400
916;SESAMES SALÉS;;;SACHET;500,00;5;5,00;0,00;0,00;0,00;0,00;0;0;400
917;SESAMES NATURELS;;;SACHET;500,00;5;5,00;0,00;0,00;0,00;0,00;0;0;400
918;SESAMES SALÉS P;;;SACHET;300,00;5;0,00;0,00;0,00;0,00;0,00;0;0;200
919;SESAMES NATURELS P;;;SACHET;300,00;5;0,00;0,00;0,00;0,00;0,00;0;0;200
920;FARINE DE MAÏS CHIKA G POT;;;POT;10 000,00;5;2,00;0,00;0,00;0,00;0,00;0;0;9000
921;FARINE DE MAÏS CHIKA P POT;;;POT;5 000,00;5;3,00;0,00;0,00;0,00;0,00;0;0;4500
922;POUDRE DE PAIN DE SINGE;;;POT;2 500,00;5;2,00;0,00;0,00;0,00;0,00;0;0;2000
923;ZAMNET PRECUIT DE 500G;;;SACHET;2 000,00;5;3,00;0,00;0,00;0,00;0,00;0;0;1750
924;AKPI;;;POT;1 300,00;5;2,00;0,00;0,00;0,00;0,00;0;0;1100
925;POUDRE DE GIMGEMBRE G POT;;;POT;1 750,00;5;2,00;0,00;0,00;0,00;0,00;0;0;1500
926;BARON D’ ORCEL BLANC;3211200034116;;BOUTEILLE;5 000,00;2;6,00;0,00;0,00;0,00;0,00;0;0;3197
927;DEGUE PETIT MIL;;;SACHET;2 000,00;2;-1,00;0,00;0,00;0,00;0,00;0;0;1500
928;KRACKS BARBEQUE DE 45G;8887290523011;;BOITE;750,00;5;13,00;0,00;0,00;0,00;0,00;0;0;625
929;KRACKS PAPRIKA DE 45G;8887290526012;;BOITE;750,00;5;22,00;0,00;0,00;0,00;0,00;0;0;625
930;LAVARIA DRINK;841165138906;;UNITE;1 300,00;5;3,00;0,00;0,00;0,00;0,00;0;0;1000
931;CARLIER OLIVES VERTES DÉNOYAUTÉES DE 360G;5412535000168;;BOUTEILLE;1 500,00;5;13,00;0,00;0,00;0,00;0,00;0;0;1042
932;HUILE DE SOJA SIATOL 5L;6411139486964;;BIDON;7 500,00;2;4,00;0,00;0,00;0,00;0,00;0;0;6750
933;BRAVO RAISIN;9008700125154;;UNITE;1 750,00;5;5,00;0,00;24,00;0,00;0,00;0;0;1542
934;THÉ TAOUDENI;;;PAQUET;1 250,00;5;4,00;0,00;0,00;0,00;0,00;0;0;850
935;THÉ TAOUDENI DETAIL;;;UNITE;125,00;10;100,00;0,00;0,00;0,00;0,00;0;0;85
936;JUS ETOILE EN BIDON PQ;;;PAQUET;2 600,00;5;0,00;0,00;0,00;0,00;0,00;0;0;2250
937;YOUKI TONIC;3700029411111;;BIDON;500,00;5;21,00;0,00;48,00;0,00;0,00;0;0;417
938;INFUSION KINKELIBA BISSAP;;;PAQUET;1 350,00;5;6,00;0,00;0,00;0,00;0,00;0;0;1200
939;INFUSION BISSAP CHOCOLAT;;;PAQUET;1 650,00;5;6,00;0,00;0,00;0,00;0,00;0;0;1500
940;INFUSION BISSAP MENTHE;;;PAQUET;1 650,00;5;6,00;0,00;0,00;0,00;0,00;0;0;1500
941;INFUSION KINKELIBA GINGEMBRE;;;PAQUET;1 350,00;5;4,00;0,00;0,00;0,00;0,00;0;0;1200
942;INFUSION BISSAP CANELLE GINGEMBRE;;;PAQUET;1 650,00;5;4,00;0,00;0,00;0,00;0,00;0;0;1500
943;INFUSION BISSAP TAMARIN;;;PAQUET;1 650,00;5;6,00;0,00;0,00;0,00;0,00;0;0;1500
944;INFUSION BISSAP GINGEMBRE;;;PAQUET;1 650,00;5;4,00;0,00;0,00;0,00;0,00;0;0;1500
945;INFUSION KINKELIBA NATURE;;;PAQUET;1 350,00;5;5,00;0,00;0,00;0,00;0,00;0;0;1200
946;INFUSION VERVEINE;;;PAQUET;1 350,00;5;5,00;0,00;0,00;0,00;0,00;0;0;1200
947;INFUSION KINKELIBA CITRON;;;PAQUET;1 350,00;5;5,00;0,00;0,00;0,00;0,00;0;0;1200
948;INFUSION ARTEMISIA;;;PAQUET;2 500,00;5;6,00;0,00;0,00;0,00;0,00;0;0;2200
949;INFUSION CITRONELLE GINGEMBRE;;;PAQUET;1 350,00;5;5,00;0,00;0,00;0,00;0,00;0;0;1200
950;INFUSION CITRONELLE NATURE;;;PAQUET;1 350,00;5;2,00;0,00;0,00;0,00;0,00;0;0;1200
951;INFUSION CRYSANTHELIUM;;;PAQUET;1 350,00;5;5,00;0,00;0,00;0,00;0,00;0;0;1200
952;INFUSION CITRONELLE CITRON;;;PAQUET;1 350,00;5;4,00;0,00;0,00;0,00;0,00;0;0;1200
953;INFUSION BASILIC CITRONELLE MENTHE;;;PAQUET;1 350,00;5;5,00;0,00;0,00;0,00;0,00;0;0;1200
954;OMO FASSI 100G;6972812091597;;UNITE;100,00;10;71,00;0,00;0,00;0,00;0,00;0;0;73
955;ICE CUVÉE ROSE;3211200024919;;BOUTEILLE;11 000,00;2;6,00;0,00;0,00;0,00;0,00;0;0;9145
956;KRACKS CHEESE DE 160G;8887290524025;;BOITE;1 500,00;5;0,00;0,00;0,00;0,00;0,00;0;0;1332
957;MALIA MANGE-ORANGE 0,5L PQ;;;CARTON;7 000,00;5;1,00;0,00;0,00;0,00;0,00;0;0;6750
958;PATTE DENTIFRICHE SIGNALE DE 140G;8934839125424;;UNITE;800,00;5;12,00;0,00;0,00;0,00;0,00;0;0;667
959;LEVURE VANOISE ROSE;6191402801440;;STICK;150,00;5;20,00;0,00;0,00;0,00;0,00;0;0;138
960;GAPAL LA PAIX DE PETIT MIL;;;BIDON;600,00;2;-2,00;0,00;0,00;0,00;0,00;0;0;500
961;GAPAL LA PAIX DE SORGHO ROUGE;;;BIDON;600,00;2;2,00;0,00;0,00;0,00;0,00;0;0;500
962;DEGUE LA PAIX;;;BIDON;600,00;2;0,00;0,00;0,00;0,00;0,00;0;0;500
963;DAFANI ORANGE-MANGUE 1L;9504000004057;;UNITE;1 100,00;5;3,00;0,00;0,00;0,00;0,00;0;0;958
964;RIZ ROYAL SALAMI DE 25KG;;;SAC;17 500,00;5;2,00;0,00;0,00;0,00;0,00;0;0;16750
965;CHIFFON DE 100F;;;UNITE;100,00;5;62,00;0,00;0,00;0,00;0,00;0;0;72
966;GATEAU BOULE DE NEIGE 250;;;SACHET;250,00;5;19,00;0,00;0,00;0,00;0,00;0;0;200
967;PATTE DE TOMATE GILDA DE 400G;8008414000076;;BOITE;800,00;10;16,00;0,00;0,00;0,00;0,00;0;0;708
968;STOP MOUSTIC;6181100380430;;BIDON;750,00;10;28,00;0,00;0,00;0,00;0,00;0;0;558
969;MOUTARDE OLARA DE 1KG;3760233510086;;BOUTEILLE;2 500,00;5;4,00;0,00;0,00;0,00;0,00;0;0;2167
970;CLOSE-UP ROUGE 130G;6151100133595;;UNITE;800,00;5;29,00;0,00;0,00;0,00;0,00;0;0;650
971;BONNET ROUGE EN POUDRE 100F;6186000208289;;STICK;100,00;10;167,00;0,00;0,00;0,00;0,00;0;0;90
972;ROYAL SALAMI BASMATI RICE;;;SAC;5 500,00;2;5,00;0,00;0,00;0,00;0,00;0;0;4800
973;CUILLERE 12;;;DOUZAINE;1 250,00;5;2,00;0,00;0,00;0,00;0,00;0;0;750
974;FOURCHETTES 12;;;DOUZAINE;1 500,00;5;3,00;0,00;0,00;0,00;0,00;0;0;750
975;CUILLERE ORIGINALE;;;DOUZAINE;1 500,00;5;2,00;0,00;0,00;0,00;0,00;0;0;1000
976;FOURCHETTE ORIGINALE;;;DOUZAINE;2 000,00;5;3,00;0,00;0,00;0,00;0,00;0;0;1000
977;LOUCHE;;;UNITE;500,00;5;3,00;0,00;0,00;0,00;0,00;0;0;250
978;MINI POT DE POUBELLE;;;UNITE;3 500,00;5;2,00;0,00;0,00;0,00;0,00;0;0;2000
979;GATEAU BOULE DE NEIGE 500;;;SACHET;500,00;5;8,00;0,00;0,00;0,00;0,00;0;0;400
980;CHATEAUX DE FRANCE SANGRIA;6186000087990;;UNITE;400,00;5;16,00;0,00;96,00;0,00;0,00;0;0;292
981;SANGRIA FORTE 18;6186000087075;;UNITE;400,00;5;36,00;0,00;192,00;0,00;0,00;0;0;344
982;COMBAT INSECTICIDE 300ML;6948147784283;;BOUTEILLE;1 000,00;5;4,00;0,00;0,00;0,00;0,00;0;0;771
983;JP CHENET ROUGE;3263286301323;;BOUTEILLE;4 000,00;5;3,00;0,00;0,00;0,00;0,00;0;0;2833
984;JP CHENET ICE;3500610085338;;BOUTEILLE;4 000,00;5;1,00;0,00;0,00;0,00;0,00;0;0;3417
985;RED LABEL JOHNNIE;5000267013602;;BOUTEILLE;10 000,00;5;0,00;0,00;0,00;0,00;0,00;0;0;7500
986;WHISKY HONEY;8902146014717;;BOUTEILLE;4 500,00;5;3,00;0,00;0,00;0,00;0,00;0;0;3125
987;WHISKY JB;5010103800457;;BOUTEILLE;10 000,00;5;2,00;0,00;0,00;0,00;0,00;0;0;7500
988;X-FORT;6034000590685;;BIDON;250,00;5;23,00;0,00;208,00;0,00;0,00;0;0;141
989;WHISKY 8 PM;8902147010916;;BOUTEILLE;4 000,00;5;3,00;0,00;0,00;0,00;0,00;0;0;3125
990;BARON ROMERO;8410261701202;;BOUTEILLE;2 500,00;5;2,00;0,00;0,00;0,00;0,00;0;0;1667
991;DOUMAINE DU MOULIN;8410702011884;;BOUTEILLE;3 000,00;5;1,00;0,00;0,00;0,00;0,00;0;0;1750
992;FOUR SPECIAL CHOCOLATE;6033000512130;;BOUTEILLE;2 500,00;5;1,00;0,00;0,00;0,00;0,00;0;0;1833
993;FOUR SPECIAL;6034000345070;;BOUTEILLE;2 500,00;5;0,00;0,00;0,00;0,00;0,00;0;0;1833
994;BARON DE SENAC;8410775555018;;BOUTEILLE;2 500,00;5;1,00;0,00;0,00;0,00;0,00;0;0;1833
995;BARON DE VALLS;8410310095191;;BOUTEILLE;2 500,00;5;6,00;0,00;0,00;0,00;0,00;0;0;1833
996;MUSCADOR ROSÉ;3438931000597;;BOUTEILLE;3 000,00;5;4,00;0,00;0,00;0,00;0,00;0;0;2667
997;MANGUE SÉCHÉE 500;;;SACHET;500,00;10;0,00;0,00;0,00;0,00;0,00;0;0;417
998;SUPER COCO;;;SACHET;500,00;10;0,00;0,00;0,00;0,00;0,00;0;0;417
999;CAFÉ SAMI DE 1KG;;;SACHET;4 500,00;10;4,00;0,00;0,00;0,00;0,00;0;0;3850
1000;FANTA ORANGE VIA PQ;;;PAQUET;1 800,00;10;0,00;0,00;0,00;0,00;0,00;0;0;1600
1001;VERRE JETABLE POUR CAFÉ;7290013622105;;PAQUET;650,00;10;4,00;0,00;0,00;0,00;0,00;0;0;513
1002;MACÉDOINE ANNA;8009673000845;;BOITE;800,00;5;19,00;0,00;0,00;0,00;0,00;0;0;521
1003;SANTEX BLANC GROS;8998866809832;;UNITE;500,00;5;37,00;0,00;48,00;0,00;0,00;0;0;365
1004;SANTEX BLANC PETIT;8998866809818;;UNITE;300,00;5;71,00;0,00;72,00;0,00;0,00;0;0;194
1005;MOUSTICO SOLDAT;6920613700262;;BOITE;800,00;10;35,00;0,00;0,00;0,00;0,00;0;0;550
1006;MON SAVON AU LAIT 4 PIECES;3181730272589;;PAQUET;2 300,00;5;9,00;0,00;0,00;0,00;0,00;0;0;2167
1007;RIZ MUM S;;;SAC;11 500,00;5;1,00;0,00;0,00;0,00;0,00;0;0;11000
1008;HUILE OLEA 5L;8431101994363;;BIDON;8 000,00;10;3,00;0,00;0,00;0,00;0,00;0;0;6750
1009;CRIQUET DÉLICIEUX EN SACHET;;;SACHET;500,00;5;12,00;0,00;0,00;0,00;0,00;0;0;400
1010;BOBO CHITOUMOU;;;SACHET;500,00;5;9,00;0,00;0,00;0,00;0,00;0;0;400
1011;CRIQUET DÉLICIEUX EN POT;;;POT;600,00;5;5,00;0,00;0,00;0,00;0,00;0;0;500
1012;SPAGHETTI ESTELLA DE 200G;8690828621284;;UNITE;250,00;5;38,00;0,00;0,00;0,00;0,00;0;0;169
1013;NESCAFÉ CLASSIC DE 260G;6181002001906;;SACHET;5 400,00;5;13,00;0,00;0,00;0,00;0,00;0;0;5042
1014;SPAGHETTI ESTELLA PQ;;;CARTON;7 250,00;5;0,00;0,00;0,00;0,00;0,00;0;0;6750
1015;NIDO DE 2500G;6033000681089;;BOITE;17 500,00;5;0,00;0,00;0,00;0,00;0,00;0;0;17167
1016;BONBON SUPER GNAMAKOU;9501101135482;;PAQUET;800,00;5;6,00;0,00;0,00;0,00;0,00;0;0;725
1017;BONBON SUPER GNAMAKOU DETAIL;;;PAIRE;25,00;10;344,00;0,00;0,00;0,00;0,00;0;0;15
1018;GAPAL;;;BIDON;600,00;5;0,00;0,00;0,00;0,00;0,00;0;0;500
1019;DEGUE EN BIDON DE 0,5L;;;BIDON;600,00;5;-6,00;0,00;0,00;0,00;0,00;0;0;500
1020;CHAYA MOUTARDE DE 370G;4796000936680;;BOUTEILLE;800,00;5;2,00;0,00;0,00;0,00;0,00;0;0;583
1021;JADIDA DE 250G;6194000802307;;POT;1 000,00;5;12,00;0,00;0,00;0,00;0,00;0;0;891
1022;MAGGI JUMBO POULET;8410300344384;;PAQUET;1 250,00;5;14,00;0,00;0,00;0,00;0,00;0;0;1083
1023;NIDO DE 800G;8445291283183;;BOITE;6 750,00;5;0,00;0,00;0,00;0,00;0,00;0;0;6063
1024;DAFANI MANGUE ANANAS PASSION FRUIT 1L;9504000004064;;UNITE;1 100,00;5;1,00;0,00;0,00;0,00;0,00;0;0;942
1025;EAU IDEALE SACHET DE 25F DETAIL;;;UNITE;25,00;5;9,00;0,00;0,00;0,00;0,00;0;0;13
1026;EAU BABALI SACHET DETAIL;;;UNITE;50,00;5;160,00;0,00;0,00;0,00;0,00;0;0;33
1027;BONBONS MENTOS;83156007;;STICK;250,00;5;67,00;0,00;0,00;0,00;0,00;0;0;188
1028;CHEWING-GUM MENTOS;6154000043902;;STICK;350,00;5;10,00;0,00;0,00;0,00;0,00;0;0;271
1029;ICE MENTOS CHEWING-GUM;6154000043025;;STICK;350,00;5;16,00;0,00;0,00;0,00;0,00;0;0;271
1030;CHEWING-GUM MENTOS SWEET MINT;6154000043674;;STICK;350,00;5;17,00;0,00;0,00;0,00;0,00;0;0;271
1031;GATEAU PURE DELIGHT JAUNE DETAIL;6033000522535;;STICK;100,00;5;16,00;0,00;0,00;0,00;0,00;0;0;83
1032;DEGUE 250;;;UNITE;250,00;5;0,00;0,00;0,00;0,00;0,00;0;0;200
1033;IRA COCKTAIL;3760120250019;;CANETTE;500,00;5;29,00;0,00;0,00;0,00;0,00;0;0;365
1034;BOITE LUNCH,BOUTEILLE D EAU AVEC COUVERTS;6294016426921;;UNITE;5 000,00;5;3,00;0,00;0,00;0,00;0,00;0;0;3920
1035;JUS DE TAMARIN;;;BOUTEILLE;500,00;5;21,00;0,00;0,00;0,00;0,00;0;0;292
1036;JUS DE TÉODO AU GENGEMBRE;;;BOUTEILLE;500,00;5;23,00;0,00;0,00;0,00;0,00;0;0;292
1037;JUS DE MANGUE;;;BOUTEILLE;500,00;5;22,00;0,00;0,00;0,00;0,00;0;0;292
1038;JUS DE TÉODO;;;BOUTEILLE;500,00;5;20,00;0,00;0,00;0,00;0,00;0;0;292
1039;VERRE A CAFÉ BASIC 2×3;3568350110215;;PAQUET;2 500,00;5;1,00;0,00;0,00;0,00;0,00;0;0;1600
1040;PRESSE-POURNE NYLON;6294016435299;;UNITE;1 800,00;5;3,00;0,00;0,00;0,00;0,00;0;0;1300
1041;BOUTEILLE D HUILE A MESURER EN VERRE;6294016435350;;UNITE;2 500,00;5;3,00;0,00;0,00;0,00;0,00;0;0;1767
1042;ECUMOIRE ROYAL FORD;6294009935621;;UNITE;3 500,00;5;4,00;0,00;0,00;0,00;0,00;0;0;2046
1043;FOUET A ŒUFS EN NYLON;6294016435305;;UNITE;2 000,00;5;4,00;0,00;0,00;0,00;0,00;0;0;1500
1044;CUILLERE OVALE A BASCULER;6294016431017;;UNITE;1 500,00;5;4,00;0,00;0,00;0,00;0,00;0;0;1050
1045;LOUCHE À SOUPE EN NYLON;6294016435282;;UNITE;2 000,00;5;3,00;0,00;0,00;0,00;0,00;0;0;1500
1046;COUTEAU UTILITAIRE MANCHE BOIS;6294016410166;;UNITE;2 500,00;5;4,00;0,00;0,00;0,00;0,00;0;0;1890
1047;FOURCHETTE DE TABLE ROYAL FORD;6294020008038;;TRIPLE;2 000,00;5;3,00;0,00;0,00;0,00;0,00;0;0;1505
1048;CUILLÈRE À GLACE ROYAL FORD;6294020022386;;PAIRE;2 500,00;5;3,00;0,00;0,00;0,00;0,00;0;0;1600
1049;CUILLÈRE À CAFÉ ROYAL FORD;6294020022331;;PAIRE;1 500,00;5;2,00;0,00;0,00;0,00;0,00;0;0;975
1050;TOURNEUR À BASSIN;6294016430966;;UNITE;1 800,00;5;4,00;0,00;0,00;0,00;0,00;0;0;1260
1051;CUILLÈRE DE SERVICE;6294016430836;;UNITE;1 500,00;5;2,00;0,00;0,00;0,00;0,00;0;0;1050
1052;LOUCHE À BADIGEONNER EN ACIER INOXYDABLE;6294016430904;;UNITE;2 500,00;5;2,00;0,00;0,00;0,00;0,00;0;0;1560
1053;BOITE À LUNCH AVEC BOUTEILLE D EAU;6294009929347;;UNITE;4 000,00;5;3,00;0,00;0,00;0,00;0,00;0;0;2600
1054;POELE ANTIADHÉSIVE 30CM 1×24;6294016434674;;UNITE;9 000,00;5;2,00;0,00;0,00;0,00;0,00;0;0;7000
1055;POELE SMART GRANITE 24CM;6294016413921;;UNITE;11 000,00;5;2,00;0,00;0,00;0,00;0,00;0;0;8400
1056;VERRE À EAU ENSEMBLE DE 6 PCS;6294009928050;;PAQUET;2 800,00;5;3,00;0,00;0,00;0,00;0,00;0;0;2406
1057;VERRE PYRAMIDE ENSEMBLE DE 4 PCS;3568350111373;;PAQUET;3 000,00;5;4,00;0,00;0,00;0,00;0,00;0;0;1878
1058;ASSIETTE PLATE;026102501733;;UNITE;3 500,00;5;6,00;0,00;0,00;0,00;0,00;0;0;2755
1059;ASSIETTE PROFONDE;6294016424156;;UNITE;2 000,00;5;4,00;0,00;0,00;0,00;0,00;0;0;1540
1060;ASSIETTE BÉBÉ H/F;6294016435374;;UNITE;2 700,00;5;3,00;0,00;0,00;0,00;0,00;0;0;2100
1061;ASSIETTE BÉBÉ HAPPY BEAR ROSE;6294016435398;;UNITE;1 800,00;5;2,00;0,00;0,00;0,00;0,00;0;0;1260
1062;ASSIETTE BÉBÉ HAPPY BEAR BLEUE;6294016435381;;UNITE;2 500,00;5;3,00;0,00;0,00;0,00;0,00;0;0;1750
1063;POELE ANTIADHÉSIVE 20CM 1×24;6294016434629;;UNITE;5 500,00;5;1,00;0,00;0,00;0,00;0,00;0;0;3800
1064;QUADRO BROC REFRI 0,5L;0026102752012;;UNITE;4 000,00;5;3,00;0,00;0,00;0,00;0,00;0;0;2765
1065;QUADRO BROC REFRI 1,1L;0026102703618;;UNITE;5 500,00;5;1,00;0,00;0,00;0,00;0,00;0;0;3444
1066;ASSIETTE OVALE;6294016421667;;UNITE;2 500,00;5;2,00;0,00;0,00;0,00;0,00;0;0;2100
1067;VERRE À PIED ARCOROC 6×27CL;0883314295559;;CARTON;16 000,00;5;1,00;0,00;0,00;0,00;0,00;0;0;10800
1068;VERRE À PIED ARCOROC 6×30CL;0883314795417;;CARTON;15 000,00;5;1,00;0,00;0,00;0,00;0,00;0;0;9900
1069;BOUILLOIRE SIFLANTE 3L;6294016410227;;UNITE;20 000,00;5;1,00;0,00;0,00;0,00;0,00;0;0;13200
1070;VODKA ABSOLUT PEARS;7312040151004;;BOUTEILLE;10 000,00;5;6,00;0,00;0,00;0,00;0,00;0;0;5000
1071;VODKA ABSOLUT;7312040017034;;BOUTEILLE;13 500,00;5;6,00;0,00;0,00;0,00;0,00;0;0;8975
1072;BACARDI;080480400620;;BOUTEILLE;10 000,00;5;6,00;0,00;0,00;0,00;0,00;0;0;5000
1073;MALIBU;089540448978;;BOUTEILLE;13 000,00;5;6,00;0,00;0,00;0,00;0,00;0;0;8025
1074;JACK DANIELS 1L DE 35%;5099873006498;;BOUTEILLE;17 000,00;5;6,00;0,00;0,00;0,00;0,00;0;0;12000
1075;CONFITURE DE POMME FRESHONA;4056489027263;;BOUTEILLE;1 300,00;5;6,00;0,00;0,00;0,00;0,00;0;0;900
1076;PETITS POIS ET CAROTTES FRESHONA;20126841;;BOUTEILLE;1 500,00;5;2,00;0,00;0,00;0,00;0,00;0;0;1000
1077;FUSILLI 500G;4013159604575;;UNITE;800,00;5;24,00;0,00;0,00;0,00;0,00;0;0;600
1078;MACARONI 500G;4056489818410;;UNITE;800,00;5;23,00;0,00;0,00;0,00;0,00;0;0;600
1079;COQUILLETTES COMBINO DE 500G;4056489818403;;UNITE;800,00;5;23,00;0,00;0,00;0,00;0,00;0;0;600
1080;TONIJN À L HUILE DE TOURNESOL;5400141435818;;BOITE;1 250,00;5;10,00;0,00;0,00;0,00;0,00;0;0;1000
1081;SPAGGHETTI COMBINO DE 1KG;4056489818151;;UNITE;1 300,00;5;23,00;0,00;0,00;0,00;0,00;0;0;1000
1082;GEL DE WC AVEC JAVEL;5400141560756;;BIDON;1 500,00;5;7,00;0,00;0,00;0,00;0,00;0;0;1000
1083;EAU DE JAVEL W5 DE 2L;4056489213802;;BIDON;1 500,00;5;4,00;0,00;0,00;0,00;0,00;0;0;1000
1084;SUPER ANACARDE DU FASO;;;STICK;500,00;5;14,00;0,00;0,00;0,00;0,00;0;0;400
1085;ATTIÉKÉ;;;UNITE;200,00;5;12,00;0,00;0,00;0,00;0,00;0;0;167
1086;ARACHIDES SUCRÉS PETIT;;;UNITE;250,00;5;0,00;0,00;0,00;0,00;0,00;0;0;200
1087;ARACHIDES SALÉS PETIT;;;UNITE;250,00;5;1,00;0,00;0,00;0,00;0,00;0;0;200
1088;MALTA GUINNESS DE 330ML;5010162000164;;CANNETTE;500,00;5;55,00;0,00;0,00;0,00;0,00;0;0;333
1089;DÉLICIO GOYAVE 1L;5101991051929;;UNITE;1 100,00;5;1,00;0,00;6,00;0,00;0,00;0;0;958
1090;MAYONNAISE MIA DE 250ML;5283019400053;;BOUTEILLE;750,00;5;10,00;0,00;0,00;0,00;0,00;0;0;583
1091;DÉLICIO MANGUE;5101991051998;;UNITE;1 100,00;5;1,00;0,00;0,00;0,00;0,00;0;0;958
1092;SUPER PIMENT DU NIGER;;;POT;600,00;5;10,00;0,00;0,00;0,00;0,00;0;0;500
1093;X-FORT PAQUET;;;PAQUET;2 500,00;5;5,00;0,00;0,00;0,00;0,00;0;0;2150
1094;X-PLUS PAQUET;;;PAQUET;3 100,00;5;5,00;0,00;0,00;0,00;0,00;0;0;2700
1095;FRUTELLI ANANAS 1L;6253500771411;;UNITE;1 100,00;5;13,00;0,00;6,00;0,00;0,00;0;0;1033
1096;FRUTELLI ORANGE 1L;6253500771404;;UNITE;1 100,00;5;0,00;0,00;0,00;0,00;0,00;0;0;1033
1097;FRUTELLI MULTI-FRUITS 1L;6253500771466;;UNITE;1 100,00;5;7,00;0,00;6,00;0,00;0,00;0;0;1033
1098;CASTEL BEER 33CL PQ;;;PAQUET;11 000,00;5;5,00;0,00;0,00;0,00;0,00;0;0;10000
1099;BEAUFORT 33CL PQ;;;PAQUET;11 000,00;5;3,00;0,00;0,00;0,00;0,00;0;0;10000
1100;BLACK LABEL 1L;5000267125046;;BOUTEILLE;20 000,00;2;3,00;0,00;0,00;0,00;0,00;0;0;18333
1101;JACK DANIEL 1L DE 40%;082184090442;;BOUTEILLE;18 000,00;2;3,00;0,00;0,00;0,00;0,00;0;0;13750
1102;RED LABEL;5000267190143;;BOUTEILLE;10 000,00;2;1,00;0,00;0,00;0,00;0,00;0;0;8333
1103;XANA GRAPE;8413481040083;;BOUTEILLE;2 500,00;2;2,00;0,00;0,00;0,00;0,00;0;0;1667
1104;XANA POMME;8413481040106;;BOUTEILLE;2 500,00;2;1,00;0,00;0,00;0,00;0,00;0;0;1667
1105;XANA ANANAS;8413481040113;;BOUTEILLE;2 500,00;2;1,00;0,00;0,00;0,00;0,00;0;0;1667
1106;XANA RAISIN ROUGE;8413481040076;;BOUTEILLE;2 500,00;2;1,00;0,00;0,00;0,00;0,00;0;0;1667
1107;19 CRIMES;9311220004343;;BOUTEILLE;8 000,00;2;6,00;0,00;0,00;0,00;0,00;0;0;5667
1108;MIRACLE;8410310617355;;BOUTEILLE;4 000,00;2;;0,00;0,00;0,00;0,00;0;0;2833
1109;GRAND SUD MERLOT;3263286345518;;BOUTEILLE;4 000,00;2;4,00;0,00;0,00;0,00;0,00;0;0;2833
1110;BARON DE SENAC 75CL;8410775091028;;BOUTEILLE;2 500,00;2;5,00;0,00;0,00;0,00;0,00;0;0;1833
1111;SANGRIA DON SIMON;8410261151106;;UNITE;1 500,00;5;9,00;0,00;24,00;0,00;0,00;0;0;1188
1112;CHATEAUX DE FRANCE RED WINE;6186000087945;;UNITE;400,00;5;38,00;0,00;0,00;0,00;0,00;0;0;292
1113;MIRACLE;8410310617355;;BOUTEILLE;4 000,00;5;2,00;0,00;0,00;0,00;0,00;0;0;2833
1114;LIQUIDE DETERGENTE MADAR DE 200ML;6210290115566;;BIDON;375,00;5;21,00;0,00;0,00;0,00;0,00;0;0;271
1115;HELLO VANILLA FLAVOR D;8904286203785;;UNITE;100,00;10;5,00;0,00;0,00;0,00;0,00;0;0;77
1116;HELLO VANILLA FLOVOR PQ;;;PAQUET;500,00;2;1,00;0,00;0,00;0,00;0,00;0;0;463
1117;HELLO ORANGE FLAVOR D;8904286203747;;UNITE;100,00;5;4,00;0,00;0,00;0,00;0,00;0;0;77
1118;HELLO ORANGE FLAVOR PQ;;;PAQUET;500,00;2;3,00;0,00;0,00;0,00;0,00;0;0;463
1119;HELLO STRAWBERRY FLAVOR D;8904286203754;;UNITE;100,00;5;-4,00;0,00;0,00;0,00;0,00;0;0;77
1120;HELLLO STRAWBERRY FLAVOR PQ;;;PAQUET;500,00;5;4,00;0,00;0,00;0,00;0,00;0;0;463
1121;DEODORANT MALIZIA;8003510001217;;UNITE;1 500,00;5;5,00;0,00;0,00;0,00;0,00;0;0;1300
1122;GEL DE DOUCHE MEGA WHITE;6182000132753;;BIDON;1 500,00;5;3,00;0,00;0,00;0,00;0,00;0;0;1200
1123;GEL DE DOUCHE PAW-PAW;6181100537239;;BIDON;1 000,00;5;0,00;0,00;0,00;0,00;0,00;0;0;750
1124;DEODORANT FLORONA BLEU;8904344604226;;UNITE;1 500,00;5;6,00;0,00;0,00;0,00;0,00;0;0;1200
1125;DEODORANT FLORONA ROSE;8904344604219;;UNITE;1 500,00;5;6,00;0,00;0,00;0,00;0,00;0;0;1200
1126;POMMADE VITFÉ;6926750000326;;UNITE;600,00;5;5,00;0,00;0,00;0,00;0,00;0;0;375
1127;VASELINE PETROLEUM DE 100ML;6001085120946;;UNITE;900,00;5;11,00;0,00;0,00;0,00;0,00;0;0;750
1128;LAIT STYLE UP;6033000330932;;BIDON;1 000,00;5;4,00;0,00;0,00;0,00;0,00;0;0;700
1129;SAVON AQUALIS DOUCEUR DE GLYCÉRINE;6181100534948;;PAQUET;1 000,00;5;2,00;0,00;0,00;0,00;0,00;0;0;500
1130;SAVON AQUALIS DOUCEUR ABRICOT;6181100534955;;PAQUET;1 000,00;5;3,00;0,00;0,00;0,00;0,00;0;0;500
1131;DEODORANT PARIS EN FLEURS;6181100633320;;UNITE;750,00;5;6,00;0,00;0,00;0,00;0,00;0;0;500
1132;DEODORANT CAPRICE;6182000126783;;UNITE;600,00;5;6,00;0,00;0,00;0,00;0,00;0;0;333
1133;SAVON DAY BY DAY BEURRE;6181100531459;;BOITE;750,00;5;7,00;0,00;0,00;0,00;0,00;0;0;550
1134;SAVON DAY BY DAY ROSE;6181100531466;;BOITE;750,00;5;8,00;0,00;0,00;0,00;0,00;0;0;550
1135;VASELINE ALOE FRESH;6001087005630;;BOITE;1 500,00;5;4,00;0,00;0,00;0,00;0,00;0;0;1350
1136;DEODORANT SPA;6182000105689;;UNITE;1 500,00;5;6,00;0,00;0,00;0,00;0,00;0;0;1250
1137;DEODORANT ERA AGRUME;6182000132722;;UNITE;500,00;5;4,00;0,00;0,00;0,00;0,00;0;0;416
1138;DEODORANT ERA MARINE;6182000132678;;UNITE;500,00;5;5,00;0,00;0,00;0,00;0,00;0;0;416
1139;DEODORANT ERA POMME;6182000132708;;UNITE;500,00;5;5,00;0,00;0,00;0,00;0,00;0;0;416
1140;COUPE ONGLE DE 600;;;UNITE;600,00;5;9,00;0,00;0,00;0,00;0,00;0;0;333
1141;COUPE ONGLE DE 500;;;UNITE;500,00;5;9,00;0,00;0,00;0,00;0,00;0;0;292
1142;COUTEAU  KM8105;6974083831124;;UNITE;750,00;5;9,00;0,00;0,00;0,00;0,00;0;0;416
1143;COUTEAU J103;0781159815010;;UNITE;500,00;5;11,00;0,00;0,00;0,00;0,00;0;0;208
1144;GOURDE VACUUM CUP N°1;;;UNITE;5 000,00;2;2,00;0,00;0,00;0,00;0,00;0;0;3000
1145;GOURDE VACUUM CUP N°2 DE 800ML;;;UNITE;4 000,00;5;2,00;0,00;0,00;0,00;0,00;0;0;2250
1146;GOURDE TEMPERATURE DE 500ML;;;UNITE;3 000,00;2;1,00;0,00;0,00;0,00;0,00;0;0;1750
1147;GOURDE 0,35L;;;UNITE;3 000,00;2;2,00;0,00;0,00;0,00;0,00;0;0;1750
1148;CUILLÈRE JETABLE 100PCS;6036000074516;;PAQUET;1 500,00;2;1,00;0,00;0,00;0,00;0,00;0;0;1000
1149;VERRE DE THÉ;;;PAQUET;2 500,00;2;1,00;0,00;0,00;0,00;0,00;0;0;1250
1150;GRILLAGE MOYEN;6900000058268;;UNITE;4 000,00;2;1,00;0,00;0,00;0,00;0,00;0;0;1250
1151;GRILLAGE PETIT;6900000058305;;UNITE;3 000,00;2;1,00;0,00;0,00;0,00;0,00;0;0;1150
1152;THERMOS VACUUM 2L;;;UNITE;8 000,00;2;1,00;0,00;0,00;0,00;0,00;0;0;5500
1153;THERMOS PENGUIN 1,3L;;;UNITE;5 000,00;2;-2,00;0,00;0,00;0,00;0,00;0;0;3000
1154;THERMOS LOVELY 1L;;;UNITE;4 500,00;2;1,00;0,00;0,00;0,00;0,00;0;0;2500
1155;GOBELET VACUUM CUP;;;UNITE;2 000,00;2;2,00;0,00;0,00;0,00;0,00;0;0;1000
1156;VERRE FASHION 6PCS DE 280ML;8964002625864;;PAQUET;4 000,00;2;1,00;0,00;0,00;0,00;0,00;0;0;2500
1157;POTATO-CHIPPER;6979838754543;;UNITE;7 500,00;2;1,00;0,00;0,00;0,00;0,00;0;0;5500
1158;BIDON A EAU GRILLAGE;;;UNITE;1 500,00;5;3,00;0,00;0,00;0,00;0,00;0;0;1000
1159;BIDON A EAU MARINO;;;UNITE;1 500,00;5;3,00;0,00;0,00;0,00;0,00;0;0;750
1160;EPLUCHEUR;;;UNITE;250,00;5;9,00;0,00;0,00;0,00;0,00;0;0;125
1161;LOUCHE DE TABLE;;;UNITE;1 000,00;5;18,00;0,00;0,00;0,00;0,00;0;0;700
1162;PETITE CUILLÈRE 6PCS;;;PAQUET;1 000,00;5;2,00;0,00;0,00;0,00;0,00;0;0;1500
1163;FOURCHETTE DE TABLE ORIGINALE 6PCS;;;PAQUET;3 000,00;5;2,00;0,00;0,00;0,00;0,00;0;0;2000
1164;CUILLÈRE DE TABLE ORIGINALE;;;PAQUET;3 000,00;5;1,00;0,00;0,00;0,00;0,00;0;0;2000
1165;COUTEAU DE TABLE ORIGINAL;;;PAQUET;3 000,00;5;2,00;0,00;0,00;0,00;0,00;0;0;2500
1166;GROSSE LOUCHE;;;UNITE;1 500,00;5;5,00;0,00;0,00;0,00;0,00;0;0;1100
1167;VERRE OSCAR;8964000253182;;PAQUET;3 500,00;5;1,00;0,00;0,00;0,00;0,00;0;0;2500
1168;KISS CROQUANT;6181100732603;;UNITE;500,00;5;1,00;0,00;0,00;0,00;0,00;0;0;292
1169;BLOOM ELEGANCE;6181100385526;;UNITE;500,00;5;2,00;0,00;0,00;0,00;0,00;0;0;292
1170;PARADIS BLEU;6181100547702;;UNITE;500,00;5;5,00;0,00;0,00;0,00;0,00;0;0;292
1171;KISS COQUIN;6181100732559;;UNITE;500,00;5;6,00;0,00;0,00;0,00;0,00;0;0;292
1172;KISS AMORE;6181100732856;;UNITE;500,00;5;4,00;0,00;0,00;0,00;0,00;0;0;292
1173;BLOOM HÉRITAGE;6181100385885;;UNITE;500,00;5;1,00;0,00;0,00;0,00;0,00;0;0;292
1174;BLOOM CHARM;6181100385502;;UNITE;500,00;5;3,00;0,00;0,00;0,00;0,00;0;0;292
1175;CÉSAR;6181100732108;;UNITE;500,00;5;6,00;0,00;0,00;0,00;0,00;0;0;292
1176;TOUCH RED;6182000123324;;UNITE;500,00;5;4,00;0,00;0,00;0,00;0,00;0;0;292
1177;EAU LAFI 0,5L;9504000105006;;BIDON;250,00;5;19,00;0,00;0,00;0,00;0,00;0;0;200
1178;EAU LAFI 0,5L PAQUET;;;PAQUET;2 500,00;5;2,00;0,00;0,00;0,00;0,00;0;0;2400
1179;PATTE DENTIFRICE CHINA;6901177120208;;UNITE;300,00;5;68,00;0,00;0,00;0,00;0,00;0;0;160
1180;SARDINE BEAUX RIVAGES;;;BOITE;350,00;5;28,00;0,00;0,00;0,00;0,00;0;0;320
1181;BISCUIT FESTO;8901719921124;;UNITE;100,00;10;61,00;0,00;0,00;0,00;0,00;0;0;80
1182;NESTLE NIDO DE 350G;6033000681003;;UNITE;2 000,00;5;8,00;0,00;0,00;0,00;0,00;0;0;1708
1183;PIPPO MANGUE;6034000361261;;UNITE;150,00;10;15,00;0,00;0,00;0,00;0,00;0;0;75
1184;PAPIER BIODEGRADABLE SE 300F;;;UNITE;300,00;5;1,00;0,00;0,00;0,00;0,00;0;0;200
1185;PAPIER BIODEGRADABLE DE 200F;;;UNITE;200,00;5;5,00;0,00;0,00;0,00;0,00;0;0;150
1186;PAPIER BIODEGRADABLE DE 100F;;;UNITE;100,00;5;9,00;0,00;0,00;0,00;0,00;0;0;85
1187;COUSCOUS PETIT MIL SUCRÉ;;;UNITE;750,00;5;5,00;0,00;0,00;0,00;0,00;0;0;600
1188;GRUMEAUX DE BOUILLIE PETIT MIL 500G;;;UNITE;900,00;5;-1,00;0,00;0,00;0,00;0,00;0;0;750
1189;VEGA SARDINES SAUCE TOMATE;8886409508826;;BOITE;750,00;5;11,00;0,00;0,00;0,00;0,00;0;0;709
1190;ENERGIE STORM 33CL PQ;;;PAQUET;4 000,00;5;4,00;0,00;0,00;0,00;0,00;0;0;3500
1191;MANGUE SÉCHÉE 250;;;SACHET;250,00;5;4,00;0,00;0,00;0,00;0,00;0;0;200
1192;SAVON HIGHNEST;;;BOITE;2 250,00;2;2,00;0,00;0,00;0,00;0,00;0;0;2000
1193;PAPIER BIODEGRADABLE 150;;;UNITE;150,00;5;16,00;0,00;0,00;0,00;0,00;0;0;110
1194;BARAJII;;;UNITE;100,00;5;88,00;0,00;0,00;0,00;0,00;0;0;78
1195;REMIX;;;BIDON;200,00;5;23,00;0,00;0,00;0,00;0,00;0;0;146
1196;RIO POP PQ;6181100064155;;PAQUET;1 250,00;5;10,00;0,00;0,00;0,00;0,00;0;0;1094
1197;BROSSE VIP 1;6950607115550;;UNITE;100,00;5;17,00;0,00;0,00;0,00;0,00;0;0;75
1198;BISCUIT COOL STAR VIOLET;8681677081657;;UNITE;100,00;5;128,00;0,00;0,00;0,00;0,00;0;0;82
1199;BISCUIT COOL STAR BLEU;8681677081664;;UNITE;100,00;5;123,00;0,00;0,00;0,00;0,00;0;0;82
1200;FRUTELLI COCKTAIL;6253500771428;;UNITE;1 100,00;10;4,00;0,00;0,00;0,00;0,00;0;0;1033
1201;CHEWING-GUM SUPER MINT PQ;6958116501116;;BOITE;2 500,00;5;5,00;0,00;0,00;0,00;0,00;0;0;2100
1202;ALUMINIUM 50M;6940524006789;;UNITE;2 100,00;5;8,00;0,00;0,00;0,00;0,00;0;0;1583
1203;ALUMINIUM 30M;6975673581306;;UNITE;1 250,00;5;12,00;0,00;0,00;0,00;0,00;0;0;875
1204;SCHWEPPES ROUGE;5449000268686;;UNITE;400,00;5;7,00;0,00;0,00;0,00;0,00;0;0;292
1205;LAIT CONCENTRÉ TRADEKEY;9555764910566;;BOITE;1 200,00;5;13,00;0,00;0,00;0,00;0,00;0;0;1000
1206;THE VICTORIA DE 50 SACHETS;8901035055886;;PAQUET;1 250,00;5;23,00;0,00;0,00;0,00;0,00;0;0;646
1207;VINAIGRE DE CIDRE 75CL;3258561180113;;BOUTEILLE;1 850,00;5;10,00;0,00;0,00;0,00;0,00;0;0;1625
1208;OLIVES VERTES ENTIERES DE 200G;5412535000151;;BOUTEILLE;1 400,00;5;12,00;0,00;0,00;0,00;0,00;0;0;958
1209;PATTE DENTIFRICHE AIR SUN DE 110G;6941352002431;;UNITE;500,00;5;9,00;0,00;0,00;0,00;0,00;0;0;333
1210;DEMELANT VITAL;6181100326048;;BIDON;1 500,00;5;3,00;0,00;0,00;0,00;0,00;0;0;975
1211;CONDOM KISS PASSION;9555617301701;;UNITE;300,00;5;23,00;0,00;0,00;0,00;0,00;0;0;163
1212;CONDOM KISS BANANE;9555617301206;;UNITE;300,00;5;22,00;0,00;0,00;0,00;0,00;0;0;163
1213;CONDOM KISS CLASSIC;9555617301268;;UNITE;300,00;5;24,00;0,00;0,00;0,00;0,00;0;0;163
1214;CONDOM KISS MENTHE;9555617301244;;UNITE;300,00;5;18,00;0,00;0,00;0,00;0,00;0;0;163
1215;CONDOM KISS FRAISE;9555617301282;;UNITE;300,00;5;23,00;0,00;0,00;0,00;0,00;0;0;163
1216;SAC;;;UNITE;100,00;5;24,00;0,00;0,00;0,00;0,00;0;0;85
1217;PIKCELL AA LR6;6942449511225;;QUADRUPLE;1 000,00;5;11,00;0,00;0,00;0,00;0,00;0;0;750
1218;PIKCELL R20P D;;;PAIRE;700,00;5;5,00;0,00;0,00;0,00;0,00;0;0;417
1219;TORA BIKA CAPPUCCINO DETAIL;8996001414002;;STICK;150,00;5;25,00;0,00;0,00;0,00;0,00;0;0;100
1220;GOOD DAY CAPPUCCINO DETAIL;8991002103085;;STICK;200,00;5;7,00;0,00;0,00;0,00;0,00;0;0;122
1221;TORCHON COULEUR;;;UNITE;500,00;5;6,00;0,00;0,00;0,00;0,00;0;0;292
1222;DEGUE 200;;;SACHET;200,00;5;0,00;0,00;0,00;0,00;0,00;0;0;150
1223;PATTE DENTIFRICHE NOORE PARFUM;800202406062;;UNITE;1 500,00;5;12,00;0,00;0,00;0,00;0,00;0;0;1250
1224;CHICORÉE LEROUX 100G DE 50 STICKS;3067140041710;;PAQUET;2 750,00;5;12,00;0,00;0,00;0,00;0,00;0;0;2250
1225;FARINE DE MANIOC CHIKA;;;UNITE;1 500,00;5;1,00;0,00;0,00;0,00;0,00;0;0;1250
1226;FONIO POUR DIABETIQUE;;;UNITE;1 800,00;5;1,00;0,00;0,00;0,00;0,00;0;0;1500
1227;MILK SODA CRACKER DE 100G;6926768537005;;UNITE;500,00;5;23,00;0,00;0,00;0,00;0,00;0;0;417
1228;VITAMIN WHITE GOLD 24 CARATS 450ML;6186000113002;;UNITE;1 600,00;5;3,00;0,00;0,00;0,00;0,00;0;0;1250
1229;DEGUE EN BIDON DE 500F;;;UNITE;500,00;5;-2,00;0,00;0,00;0,00;0,00;0;0;400
1230;GAPAL EN BIDON DE 350F;;;UNITE;350,00;5;-1,00;0,00;0,00;0,00;0,00;0;0;300
1231;VIANDE SECHÉE DE 750F;;;UNITE;750,00;5;2,00;0,00;0,00;0,00;0,00;0;0;500
1232;BON SESAME SUCRÉ;;;UNITE;500,00;5;7,00;0,00;0,00;0,00;0,00;0;0;400
1233;KALTOX PAALGA DE 750ML;;;UNITE;3 250,00;5;12,00;0,00;0,00;0,00;0,00;0;0;2854
1234;LAUSANNE;8850309204904;;UNITE;750,00;5;22,00;0,00;0,00;0,00;0,00;0;0;646
1235;COUSCOUS DARLING MOTHER 1KG;8690946413587;;UNITE;1 400,00;5;8,00;0,00;0,00;0,00;0,00;0;0;1050
1236;COUSCOUS DARI DE 1KG;6111094000013;;UNITE;1 500,00;5;12,00;0,00;0,00;0,00;0,00;0;0;1250
1237;CHOCOLAT EN POUDRE AMIGO 400G;;;BOITE;1 500,00;5;11,00;0,00;0,00;0,00;0,00;0;0;1292
1238;RASOIR DORCO TWIN BLADE;8801038595269;;UNITE;125,00;5;80,00;0,00;0,00;0,00;0,00;0;0;60
1239;MELLAIT 400G;8716506024823;;BOITE;2 200,00;5;12,00;0,00;0,00;0,00;0,00;0;0;2021
1240;LILAS CLIP NUIT;6192011814838;;UNITE;600,00;5;45,00;0,00;0,00;0,00;0,00;0;0;392
1241;SIROP CITRON PAILLOTES;3014400003018;;BOUTEILLE;2 300,00;5;6,00;0,00;0,00;0,00;0,00;0;0;2166
1242;SAVON MAYA PAQUET DE 5X275G;;;PAQUET;1 400,00;5;8,00;0,00;0,00;0,00;0,00;0;0;1139
1243;BOULETTES EN SAUCE AU BŒUF 1240G;3700311866001;;BOITE;2 500,00;5;12,00;0,00;0,00;0,00;0,00;0;0;2150
1244;GOULUX BOUCHÉES EN SAUCE 410G;8710862999733;;BOITE;1 000,00;5;24,00;0,00;0,00;0,00;0,00;0;0;660
1245;LESIEUR MAYONNAISE DE 475G;3265478892008;;BOUTEILLE;1 650,00;5;12,00;0,00;0,00;0,00;0,00;0;0;1400
1246;LESIEUR MAYONNAISE DE 235G;3265478891001;;BOUTEILLE;1 100,00;5;11,00;0,00;0,00;0,00;0,00;0;0;900
1247;SEL DE CUISINE LA TABLÉE DE 750G;3183280006171;;UNITE;1 500,00;5;12,00;0,00;0,00;0,00;0,00;0;0;1270
1248;LESIEUR KETCHUP 250G;3265475014007;;UNITE;1 250,00;5;12,00;0,00;0,00;0,00;0,00;0;0;1063
1249;LIQUIDE VAISSELLE PARFUM CITRON 1L;3700311867862;;BIDON;1 600,00;5;11,00;0,00;0,00;0,00;0,00;0;0;1167
1250;LAIT PRÉSIDENT ENTIER DE 1L;3228024910366;;BIDON;2 500,00;5;12,00;0,00;0,00;0,00;0,00;0;0;2042
1251;MOUCHOIR DE POCHE SANITEX PQ DE 15 ÉTUIS;;;PAQUET;1 250,00;5;15,00;0,00;0,00;0,00;0,00;0;0;1075
1252;MOUCHOIR DE POCHE SANITEX DETAIL;;;UNITE;100,00;5;74,00;0,00;0,00;0,00;0,00;0;0;72
1253;SOFT FLOWER XXL;8003885213000;;UNITE;3 500,00;5;6,00;0,00;0,00;0,00;0,00;0;0;3250
1254;ESSUIE-TOUT SANITEX MAXI ROULEAU;6181003110034;;UNITE;3 000,00;5;9,00;0,00;0,00;0,00;0,00;0;0;2675
1255;PAPIER TOILETTE 2 ROULEAUX SANTA BARBARA;6181003000120;;UNITE;500,00;5;24,00;0,00;0,00;0,00;0,00;0;0;300
1256;HAPPY CROQUETTES EN SACHET DE 600F;;;UNITE;600,00;5;14,00;0,00;0,00;0,00;0,00;0;0;500
1257;HAPPY CROQUETTES AU LAIT POT DE 1000F;;;POT;1 000,00;5;10,00;0,00;0,00;0,00;0,00;0;0;900
1258;HAPPY CROQUETTES AU CHOCOLAT POT DE 1100F;;;POT;1 100,00;5;11,00;0,00;0,00;0,00;0,00;0;0;1000
1259;GATEAU COCO;;;UNITE;100,00;5;27,00;0,00;0,00;0,00;0,00;0;0;83
1260;CACAHOUETTE;;;UNITE;100,00;5;7,00;0,00;0,00;0,00;0,00;0;0;83
1261;MADAR GLASS CLEANER DE 750ML;764460549379;;BIDON;1 000,00;5;12,00;0,00;0,00;0,00;0,00;0;0;833
1262;BISCUITS PARLE-G;8901719101014;;UNITE;100,00;5;79,00;0,00;0,00;0,00;0,00;0;0;48
1263;BISCUITS PARLE-G PAQUET DE 20;;;PAQUET;1 250,00;5;6,00;0,00;0,00;0,00;0,00;0;0;950
1264;TROMBONNE 25MMX100PCS;6972854799802;;UNITE;250,00;5;10,00;0,00;0,00;0,00;0,00;0;0;125
1265;TROMBONNE 33MMX100PCS;6972854799826;;UNITE;300,00;5;10,00;0,00;0,00;0,00;0,00;0;0;200
1266;TROMNONNE 50MMX100PCS;6972854799833;;UNITE;700,00;5;10,00;0,00;0,00;0,00;0,00;0;0;450
1267;CRAYON DE COULEUR PAQUET DE 12;6973071282788;;PAQUET;250,00;5;120,00;0,00;0,00;0,00;0,00;0;0;100
1268;CRAYON DE COULEUR PAQUET DE 6;6973071280180;;PAQUET;100,00;5;120,00;0,00;0,00;0,00;0,00;0;0;60
1269;GOMME AY-3414D;6973071280234;;UNITE;100,00;5;100,00;0,00;0,00;0,00;0,00;0;0;50
1270;GOMME AY-3409D;6973071280104;;UNITE;50,00;5;120,00;0,00;0,00;0,00;0,00;0;0;17
1271;EQUERRE COULEUR 13,5CM;;;UNITE;100,00;5;96,00;0,00;0,00;0,00;0,00;0;0;50
1272;RAPPORTEUR ECOLIER COULEUR;;;UNITE;100,00;5;96,00;0,00;0,00;0,00;0,00;0;0;50
1273;ACADEMY;6973071280050;;UNITE;500,00;5;72,00;0,00;0,00;0,00;0,00;0;0;333
1274;BRACELETS CAOUTCHOUC 100G;3701254704986;;PAQUET;1 000,00;5;5,00;0,00;0,00;0,00;0,00;0;0;850
1275;COMPAS POUR ECOLIER;8690857024919;;UNITE;300,00;5;96,00;0,00;0,00;0,00;0,00;0;0;200
1276;DOUBLE DECIMETRE EN COULEUR;;;UNITE;100,00;5;150,00;0,00;0,00;0,00;0,00;0;0;50
1277;CRAYON DE PAPIER LAURÉAT;;;UNITE;100,00;5;144,00;0,00;0,00;0,00;0,00;0;0;29
1278;CAHIER CALLIGRAPHE GRAND FORMAT DE 192 PAGES-21X29,7CM;3663619195221;;UNITE;1 600,00;5;30,00;0,00;0,00;0,00;0,00;0;0;1400
1279;CAHIER CALLIGRAPHE 96 PAGES -21X29,7CM;3663619195160;;UNITE;1 000,00;5;60,00;0,00;0,00;0,00;0,00;0;0;750
1280;CAHIER CALLIGRAPHE GRAND FORMAT DE 288 PAGES-21X29,7CM;3663619195191;;UNITE;2 000,00;5;20,00;0,00;0,00;0,00;0,00;0;0;1800
1281;CAHIER DE 100 PAGES J'AIME L'AFRIQUE;6926634511306;;UNITE;175,00;5;200,00;0,00;0,00;0,00;0,00;0;0;110
1282;CAHIER CALLIGRAPHE 96 PAGES-17X22CM;3663619195153;;UNITE;600,00;5;120,00;0,00;0,00;0,00;0,00;0;0;425
1283;CAHIER CALLIGRAPHE PETIT FORMA DE 192 PAGES-17X22CM;3663619195214;;UNITE;900,00;5;60,00;0,00;0,00;0,00;0,00;0;0;800
1284;CAHIER CALLIGRAPHE PETIT FORMA DE 288 PAGES-17X22CM;3663619195245;;UNITE;1 250,00;5;20,00;0,00;0,00;0,00;0,00;0;0;1000
1285;CAHIER DE 200 PAGES JAIME LAFRIQUE;6926641102696;;UNITE;300,00;5;100,00;0,00;0,00;0,00;0,00;0;0;210
1286;PROTEGE CAHIER ORIGINAL;;;UNITE;75,00;5;500,00;0,00;0,00;0,00;0,00;0;0;50
1287;ARDOISE ORIGINAL;;;UNITE;500,00;5;144,00;0,00;0,00;0,00;0,00;0;0;200
1288;CAHIER TRAVAUX PRATIQUE  DE 200 PAGES;6932358558459;;UNITE;400,00;5;20,00;0,00;0,00;0,00;0,00;0;0;200
1289;REGLE FLEXIBLE 30CM;;;UNITE;300,00;5;72,00;0,00;0,00;0,00;0,00;0;0;200
1290;REGLE PLASTIQUE LAURÉAT 30CM;;;UNITE;200,00;5;48,00;0,00;0,00;0,00;0,00;0;0;100
1291;CAHIER DE DESSIN CALLIGRAPHE 32 PAGES;3210330181516;;UNITE;500,00;5;100,00;0,00;0,00;0,00;0,00;0;0;400
1292;CAHIER DE DESSIN LAURÉAT DE 32 PAGES;6910284752318;;UNITE;125,00;5;100,00;0,00;0,00;0,00;0,00;0;0;70
1293;CHEMISE CARTONNÉE;;;UNITE;50,00;5;100,00;0,00;0,00;0,00;0,00;0;0;35
1294;SOUS CHEMISE CARTONNÉE;;;UNITE;25,00;5;250,00;0,00;0,00;0,00;0,00;0;0;14
1295;CRAIE BLACHE;8000825538407;;PAQUET;1 100,00;5;16,00;0,00;0,00;0,00;0,00;0;0;907
1296;CRAIE DE COULEUR;8000825967559;;PAQUET;2 000,00;5;16,00;0,00;0,00;0,00;0,00;0;0;1750
1297;REGLE DE TABLEAU;;;UNITE;1 500,00;5;5,00;0,00;0,00;0,00;0,00;0;0;900
1298;EQUERRE DE TABLEAU;;;UNITE;1 500,00;5;5,00;0,00;0,00;0,00;0,00;0;0;850
1299;RAPPORTEUR DE TABLEAU;;;UNITE;1 500,00;5;5,00;0,00;0,00;0,00;0,00;0;0;850
1300;COMPAS DE TABLEAU EN PLASTIQUE;;;UNITE;2 000,00;5;5,00;0,00;0,00;0,00;0,00;0;0;1250
1303;STYLO SCHNEIDER ROUGE;4004675004604;;UNITE;100,00;5;250,00;0,00;0,00;0,00;0,00;0;0;78
1304;TAILLE CRAYON 2 TROUS;;;UNITE;300,00;5;30,00;0,00;0,00;0,00;0,00;0;0;233
1305;TAILLE CRAYON POUPÉ;;;UNITE;150,00;5;36,00;0,00;0,00;0,00;0,00;0;0;97
1306;TAILLE CRAYON CONTENEUR;;;UNITE;150,00;5;84,00;0,00;0,00;0,00;0,00;0;0;95
1307;TROUSSEAU SPACE;;;UNITE;750,00;5;12,00;0,00;0,00;0,00;0,00;0;0;500
1308;TROUSSEAU COULEUR;;;UNITE;1 000,00;5;10,00;0,00;0,00;0,00;0,00;0;0;750
1309;CHIFFON ARDOISE LAURÉAT;;;UNITE;200,00;5;24,00;0,00;0,00;0,00;0,00;0;0;100
1310;PLASTIC JETON;6953025653215;;UNITE;300,00;5;5,00;0,00;0,00;0,00;0,00;0;0;200
1311;BATTONET PLASTIQUE;;;UNITE;500,00;5;5,00;0,00;0,00;0,00;0,00;0;0;250
1312;GOURDE LUCKY 550ML;6926924082417;;UNITE;1 500,00;5;9,00;0,00;0,00;0,00;0,00;0;0;1000
1313;TAILLE CRAYON AVEC GOMME;;;UNITE;500,00;5;10,00;0,00;0,00;0,00;0,00;0;0;400
1314;COLLE LIQUIDE 100ML;6389132100012;;UNITE;500,00;5;12,00;0,00;0,00;0,00;0,00;0;0;300
1315;STYLO CORRECTEUR 12ML;;;UNITE;500,00;5;24,00;0,00;0,00;0,00;0,00;0;0;250
1316;ENVELOPPE A4 KRAFT;;;UNITE;100,00;5;25,00;0,00;0,00;0,00;0,00;0;0;50
1317;ENVELOPPE A4 POCHETTE;;;UNITE;100,00;5;25,00;0,00;0,00;0,00;0,00;0;0;50
1318;ENVELOPPE A5 KRAFT;;;UNITE;50,00;5;25,00;0,00;0,00;0,00;0,00;0;0;20
1319;ENVELOPPE A5 POCHETTE;;;UNITE;50,00;5;25,00;0,00;0,00;0,00;0,00;0;0;20
1320;ENVELLOPPE A6 KRAFT;;;UNITE;25,00;5;75,00;0,00;0,00;0,00;0,00;0;0;15
1321;ENVELLOPPE BLANCHE A6;;;UNITE;25,00;5;50,00;0,00;0,00;0,00;0,00;0;0;15
1322;CLASSEUR 50 POCHES;6962225120519;;UNITE;1 250,00;5;5,00;0,00;0,00;0,00;0,00;0;0;1000
1323;MARQUEUR SCHNEIDER NOIR;4004675006493;;UNITE;500,00;5;10,00;0,00;0,00;0,00;0,00;0;0;300
1324;MARQUEUR SCHNEIDER BLEU;4004675006554;;UNITE;500,00;5;10,00;0,00;0,00;0,00;0,00;0;0;300
1325;MARQUEUR SCHNEIDER ROUGE;4004675006523;;UNITE;500,00;5;10,00;0,00;0,00;0,00;0,00;0;0;300
1326;CHEMISE PLASTIQUE;;;UNITE;500,00;5;10,00;0,00;0,00;0,00;0,00;0;0;300
1327;AGRAFEUSE METAL TOMMY;6930447100022;;UNITE;3 500,00;5;5,00;0,00;0,00;0,00;0,00;0;0;3000
1328;AGRAPHES 10000 STAPLES;6973071281156;;UNITE;250,00;5;10,00;0,00;0,00;0,00;0,00;0;0;125
1329;SCOTCH 33MM;;;UNITE;250,00;5;12,00;0,00;0,00;0,00;0,00;0;0;125
1330;SCOTCH 50MM;;;UNITE;1 250,00;5;6,00;0,00;0,00;0,00;0,00;0;0;900
1331;RAMETTE A4 PAPERLINE 2000;8991389130117;;UNITE;3 000,00;5;10,00;0,00;0,00;0,00;0,00;0;0;2200
1332;GOURDE SPORTY 550ML;6269189914018;;UNITE;1 500,00;5;10,00;0,00;0,00;0,00;0,00;0;0;1000
1333;BIDON DEAU HANDSOME CUP DE 700ML;6962725805510;;UNITE;1 500,00;5;10,00;0,00;0,00;0,00;0,00;0;0;1000
1334;ENVELOPPE POCHETTE A3;;;UNITE;150,00;5;25,00;0,00;0,00;0,00;0,00;0;0;90
1335;ACE MAISON DE 1L;8001480700178;;BIDON;1 500,00;5;18,00;0,00;0,00;0,00;0,00;0;0;1167
1336;SUCRE AROME VANILLE PAQUET DE 10 SACHETS DE 75G;6111005054098;;PAQUET;1 000,00;5;7,00;0,00;0,00;0,00;0,00;0;0;786
1337;SURE AROME VANILLE DETAIL;;;STICK;125,00;5;70,00;0,00;0,00;0,00;0,00;0;0;78
1338;FLOCONS DAVOIINE 500G;6111045000925;;UNITE;2 000,00;5;20,00;0,00;0,00;0,00;0,00;0;0;1800
1339;ANTIBACTERIEN ONI DE 1L;6111259732636;;BIDON;1 250,00;5;18,00;0,00;0,00;0,00;0,00;0;0;1000
1340;BABY TURCO MAXI 8-18KG DE 30PCS;8682241200689;;UNITE;4 000,00;5;4,00;0,00;0,00;0,00;0,00;0;0;3500
1341;BABY TURCO XLARGE 16+ KG DE 20PCS;8682241200702;;UNITE;4 000,00;5;4,00;0,00;0,00;0,00;0,00;0;0;3500
1342;BABY TURCO JUNIOR 12-25KG DE 24 PCS;8682241200696;;UNITE;4 000,00;5;4,00;0,00;0,00;0,00;0,00;0;0;3500
1343;ALITKANE SEMOULE FINE;6111249943219;;UNITE;1 750,00;5;10,00;0,00;0,00;0,00;0,00;0;0;1500
1344;OMO MATIC CITRON VERVEINE DE 750G;6111026111787;;UNITE;2 000,00;5;16,00;0,00;0,00;0,00;0,00;0;0;1813
1345;LADYFIT COTTON PAD 3 NIGHT 6PCS;8682241205011;;UNITE;600,00;5;24,00;0,00;0,00;0,00;0,00;0;0;500
1346;LADYFIT COTTON PAD 2 LONG DE 7PCS;8682241205004;;UNITE;600,00;5;24,00;0,00;0,00;0,00;0,00;0;0;500
1347;LEMON SCENT DE 4L;8682005386550;;BIDON;4 000,00;5;4,00;0,00;0,00;0,00;0,00;0;0;3000
1348;SERVIETTES DE TABLE DOUCES & RESISTANCE IRIS;6111222000755;;UNITE;750,00;5;25,00;0,00;0,00;0,00;0,00;0;0;550
1349;SERVIETTES DE TABLE JOY 30X30;4756982345863;;UNITE;750,00;5;20,00;0,00;0,00;0,00;0,00;0;0;688
1350;HUILOR VITAMINE E OMEGA 6;6111024001226;;BIDON;11 000,00;5;6,00;0,00;0,00;0,00;0,00;0;0;10000
1351;HUILE LESIEUR EQUILIBRE DE 5L;6111024001974;;BIDON;11 000,00;5;6,00;0,00;0,00;0,00;0,00;0;0;9500
1352;BISCUITS WAFERS COCONUT FLAVOUR;8697439305008;;UNITE;500,00;5;24,00;0,00;0,00;0,00;0,00;0;0;375
1353;BISCUITS WAFERS ORANGE RICH FLAVOR;8697439300348;;UNITE;500,00;5;24,00;0,00;0,00;0,00;0,00;0;0;375
1354;BISCUITS WAFERS MILK CREAM;8697439300256;;UNITE;500,00;5;24,00;0,00;0,00;0,00;0,00;0;0;375
1355;BISCUITS WAFERS STRAWBERRY;8697439300102;;UNITE;500,00;5;24,00;0,00;0,00;0,00;0,00;0;0;375
1356;LAUNDRY POWDER HAND WASH;8684511000371;;UNITE;1 000,00;5;10,00;0,00;0,00;0,00;0,00;0;0;800
1357;BOUSHRA GREEN LEMON PERFUME DE 500ML;8681506287298;;BIDON;1 000,00;5;2,00;0,00;0,00;0,00;0,00;0;0;833
1358;BOUSHRA RED FRUITS PERFUME DE 500ML;8681506287304;;BIDON;1 000,00;5;3,00;0,00;0,00;0,00;0,00;0;0;833
1359;BOUSHRA LILAC PERFUME DE 500ML;8681506287441;;BIDON;1 000,00;5;3,00;0,00;0,00;0,00;0,00;0;0;833
1360;BOUSHRA GREEN APPLE PERFUME DE 500ML;8681506287281;;BIDON;1 000,00;5;4,00;0,00;0,00;0,00;0,00;0;0;833
